customer_id,tenure_months,orders_per_month,avg_order_value,recency_days,discount_usage_rate,return_rate,clv_next_12m
CUST_0000,59,4.7,1885.53,225,0.39,0.24,20725.71
CUST_0001,41,4.94,2457.18,1,0.31,0.4,65848.74
CUST_0002,6,1.69,911.62,190,0.65,0.06,851.68
CUST_0003,17,5.84,2108.19,38,0.59,0.04,43039.02
CUST_0004,28,4.11,1827.3,120,0.68,0.06,15490.25
CUST_0005,20,1.58,382.0,28,0.11,0.23,4508.97
CUST_0006,7,2.68,2818.44,266,0.38,0.12,8771.07
CUST_0007,17,5.8,2615.2,335,0.44,0.2,7578.15
CUST_0008,22,5.95,1061.19,223,0.18,0.13,23350.76
CUST_0009,50,5.78,1002.71,142,0.66,0.3,15825.05
CUST_0010,38,5.05,1585.9,163,0.26,0.22,29159.89
CUST_0011,53,5.45,893.23,136,0.52,0.01,14636.3
CUST_0012,31,5.07,1608.01,250,0.52,0.33,11708.56
CUST_0013,16,2.66,559.18,41,0.22,0.17,16088.3
CUST_0014,30,1.91,420.62,266,0.48,0.03,500.0
CUST_0015,33,5.97,2046.19,132,0.24,0.14,67143.54
CUST_0016,22,0.9,1842.83,115,0.61,0.03,2643.47
CUST_0017,57,4.07,1192.6,227,0.57,0.34,5690.65
CUST_0018,26,2.3,2701.99,61,0.2,0.01,51533.01
CUST_0019,18,3.73,2997.43,264,0.18,0.06,26816.91
CUST_0020,15,3.48,2144.37,56,0.11,0.03,64709.7
CUST_0021,56,2.98,2542.5,122,0.37,0.22,23746.52
CUST_0022,58,5.29,1466.76,119,0.25,0.02,51146.1
CUST_0023,59,4.11,2068.68,130,0.39,0.28,25387.9
CUST_0024,16,4.1,1822.84,82,0.14,0.23,44548.27
CUST_0025,5,0.73,2616.05,355,0.13,0.2,500.0
CUST_0026,37,2.61,1273.42,3,0.08,0.17,29928.0
CUST_0027,54,4.46,2272.0,131,0.25,0.15,50563.81
CUST_0028,45,5.03,437.08,135,0.26,0.35,9682.38
CUST_0029,56,3.08,588.74,150,0.28,0.13,9527.06
CUST_0030,17,4.75,1242.41,61,0.16,0.08,48741.87
CUST_0031,27,1.38,2823.54,70,0.66,0.04,8314.85
CUST_0032,18,1.34,2644.62,124,0.36,0.03,16015.51
CUST_0033,17,1.38,1272.25,125,0.45,0.3,6343.9
CUST_0034,48,2.09,1155.02,329,0.45,0.1,653.82
CUST_0035,45,4.35,1705.73,14,0.49,0.34,30783.32
CUST_0036,55,3.79,1627.98,225,0.08,0.4,16191.05
CUST_0037,8,4.98,1486.89,106,0.59,0.22,22029.55
CUST_0038,27,1.78,2434.25,40,0.19,0.23,25344.36
CUST_0039,21,5.08,1323.52,239,0.1,0.32,15762.98
CUST_0040,43,3.25,341.46,323,0.54,0.38,500.0
CUST_0041,24,4.61,401.98,153,0.4,0.35,7079.61
CUST_0042,49,2.06,2929.03,39,0.35,0.27,29816.1
CUST_0043,2,3.64,2438.36,194,0.35,0.24,27792.18
CUST_0044,31,2.0,1576.04,72,0.67,0.13,8786.25
CUST_0045,11,0.58,2607.03,344,0.51,0.06,500.0
CUST_0046,15,1.29,480.19,337,0.41,0.09,500.0
CUST_0047,25,5.55,2905.35,338,0.45,0.21,2673.18
CUST_0048,26,5.38,1079.35,45,0.51,0.36,14089.99
CUST_0049,43,4.97,2614.43,190,0.65,0.27,20103.11
CUST_0050,44,4.62,2409.59,311,0.24,0.02,13233.57
CUST_0051,57,0.97,1028.19,5,0.56,0.02,20596.94
CUST_0052,21,2.87,1599.46,12,0.43,0.32,25359.16
CUST_0053,51,0.91,337.73,235,0.0,0.33,4413.12
CUST_0054,59,3.78,1496.79,297,0.45,0.24,6515.58
CUST_0055,40,4.51,2659.0,195,0.23,0.32,34918.44
CUST_0056,42,5.05,1466.04,210,0.14,0.18,29616.51
CUST_0057,6,5.33,916.75,336,0.27,0.11,3894.55
CUST_0058,47,1.78,1440.67,52,0.38,0.08,18721.62
CUST_0059,55,5.61,911.75,346,0.32,0.04,500.0
CUST_0060,38,3.09,979.26,171,0.05,0.23,12298.84
CUST_0061,54,5.48,1047.35,9,0.42,0.02,26836.28
CUST_0062,59,1.38,939.02,262,0.29,0.07,500.0
CUST_0063,5,5.02,489.94,224,0.04,0.13,4320.15
CUST_0064,32,2.36,1510.02,22,0.66,0.33,10215.75
CUST_0065,57,2.42,1103.0,78,0.51,0.27,8044.47
CUST_0066,38,3.13,1853.82,256,0.22,0.18,11296.2
CUST_0067,28,3.44,2636.89,329,0.51,0.1,2847.68
CUST_0068,56,1.61,1389.32,210,0.52,0.36,10591.25
CUST_0069,37,2.02,2572.16,210,0.05,0.27,17809.91
CUST_0070,7,3.26,1976.94,85,0.19,0.34,29403.39
CUST_0071,26,0.77,1290.41,194,0.02,0.17,4944.54
CUST_0072,4,1.44,873.95,178,0.67,0.24,500.0
CUST_0073,14,4.26,1736.49,145,0.68,0.31,10254.24
CUST_0074,23,3.19,967.11,229,0.29,0.0,2669.38
CUST_0075,37,0.81,1649.05,295,0.67,0.04,916.79
CUST_0076,27,4.08,336.22,268,0.21,0.09,2057.55
CUST_0077,31,5.91,487.03,34,0.04,0.38,24453.54
CUST_0078,34,1.26,986.2,219,0.36,0.39,1898.49
CUST_0079,31,3.62,1283.77,75,0.41,0.29,15016.3
CUST_0080,32,2.9,564.17,80,0.36,0.39,3573.69
CUST_0081,37,4.13,2536.31,28,0.19,0.2,71760.32
CUST_0082,59,1.23,2628.0,276,0.43,0.33,500.0
CUST_0083,16,3.05,590.37,173,0.29,0.25,6952.93
CUST_0084,16,2.14,321.82,230,0.14,0.03,500.0
CUST_0085,6,1.06,767.73,219,0.66,0.11,7376.62
CUST_0086,8,3.57,825.07,111,0.6,0.07,14075.04
CUST_0087,41,5.15,1709.12,138,0.29,0.07,39758.31
CUST_0088,34,2.24,2695.54,361,0.41,0.08,500.0
CUST_0089,28,1.52,551.68,244,0.49,0.32,3126.39
CUST_0090,51,1.03,2896.77,193,0.62,0.26,9449.85
CUST_0091,6,5.56,2521.62,97,0.48,0.37,34470.47
CUST_0092,12,1.5,2747.44,20,0.25,0.38,20566.91
CUST_0093,48,0.62,2295.59,189,0.62,0.32,500.0
CUST_0094,22,3.6,2137.71,236,0.08,0.38,12893.52
CUST_0095,43,5.43,1776.39,240,0.47,0.11,22038.61
CUST_0096,47,1.85,650.39,125,0.47,0.02,500.0
CUST_0097,6,0.91,1932.51,179,0.04,0.38,5361.21
CUST_0098,53,2.93,454.16,347,0.17,0.02,500.0
CUST_0099,5,3.44,2980.68,116,0.49,0.29,24941.32
CUST_0100,54,2.82,2191.32,121,0.37,0.04,32517.88
CUST_0101,45,2.85,1372.55,141,0.54,0.25,13973.68
CUST_0102,9,3.9,2090.68,227,0.15,0.23,25390.02
CUST_0103,13,4.06,1695.26,124,0.42,0.21,27498.2
CUST_0104,2,4.8,1021.67,150,0.4,0.31,11166.53
CUST_0105,23,4.34,1565.79,312,0.55,0.24,500.0
CUST_0106,34,3.17,1568.95,331,0.35,0.04,3040.42
CUST_0107,57,4.22,1818.34,308,0.26,0.11,8161.6
CUST_0108,30,1.41,2117.64,235,0.56,0.09,8330.84
CUST_0109,16,1.08,2438.25,232,0.22,0.02,6246.12
CUST_0110,23,1.04,1209.49,152,0.4,0.16,4103.56
CUST_0111,24,1.05,1214.14,165,0.44,0.38,500.0
CUST_0112,57,0.94,2772.25,296,0.52,0.34,3669.39
CUST_0113,46,2.12,2220.24,112,0.09,0.31,29305.08
CUST_0114,58,5.66,949.68,176,0.1,0.06,27897.28
CUST_0115,21,3.43,1302.13,294,0.68,0.1,11944.22
CUST_0116,59,1.53,2998.97,225,0.2,0.04,12840.71
CUST_0117,30,5.5,513.11,341,0.29,0.29,5193.47
CUST_0118,49,4.29,1820.86,140,0.6,0.02,24911.9
CUST_0119,18,3.13,2772.29,102,0.02,0.34,51889.37
CUST_0120,58,4.14,2069.31,39,0.68,0.06,19441.6
CUST_0121,48,0.59,1070.43,171,0.59,0.08,500.0
CUST_0122,59,4.35,371.86,322,0.22,0.24,6570.41
CUST_0123,17,4.71,2638.37,164,0.49,0.18,42813.17
CUST_0124,56,3.41,1957.43,212,0.55,0.32,12062.22
CUST_0125,26,1.14,710.67,319,0.11,0.15,500.0
CUST_0126,47,1.12,1113.37,18,0.26,0.13,7318.48
CUST_0127,11,3.37,2433.51,52,0.18,0.35,46926.73
CUST_0128,20,5.68,426.34,333,0.54,0.06,2918.87
CUST_0129,51,2.48,2849.35,250,0.49,0.17,16854.68
CUST_0130,1,5.23,1579.07,237,0.16,0.32,21096.92
CUST_0131,19,0.64,2657.13,123,0.45,0.29,3972.51
CUST_0132,5,3.43,1031.33,23,0.69,0.18,5110.65
CUST_0133,52,3.37,2368.66,252,0.18,0.16,29544.31
CUST_0134,55,5.69,330.23,188,0.23,0.18,4371.39
CUST_0135,53,4.19,335.95,304,0.34,0.06,2128.07
CUST_0136,11,5.75,1350.9,341,0.37,0.37,3881.68
CUST_0137,34,3.56,1071.89,237,0.55,0.11,10332.5
CUST_0138,37,1.61,1267.74,45,0.13,0.01,27699.47
CUST_0139,22,2.15,489.17,19,0.5,0.13,4500.18
CUST_0140,2,1.79,1536.99,20,0.06,0.26,22155.5
CUST_0141,52,0.55,2328.14,104,0.18,0.36,7955.01
CUST_0142,24,2.84,2766.47,86,0.02,0.02,76694.01
CUST_0143,6,5.07,2288.49,149,0.45,0.05,42117.29
CUST_0144,50,2.58,2132.86,361,0.25,0.34,500.0
CUST_0145,22,2.15,437.05,331,0.24,0.3,9648.72
CUST_0146,19,2.35,1715.99,204,0.36,0.1,14545.41
CUST_0147,4,5.29,715.28,333,0.63,0.2,5899.37
CUST_0148,33,5.93,2776.54,120,0.32,0.17,76215.31
CUST_0149,47,3.39,766.5,69,0.57,0.12,12687.27
CUST_0150,2,4.38,2322.12,173,0.24,0.34,31127.75
CUST_0151,9,4.47,1052.94,218,0.26,0.19,11354.13
CUST_0152,8,1.05,1404.13,79,0.5,0.09,1430.27
CUST_0153,4,5.47,2704.86,323,0.01,0.36,8031.67
CUST_0154,30,3.19,1608.79,96,0.53,0.33,21227.39
CUST_0155,58,4.64,1981.19,242,0.52,0.16,15018.89
CUST_0156,3,4.74,1776.73,186,0.28,0.03,30240.18
CUST_0157,13,3.56,2379.45,23,0.28,0.3,48920.75
CUST_0158,53,1.09,2626.67,71,0.69,0.24,1723.37
CUST_0159,4,1.36,2198.94,204,0.27,0.34,13613.89
CUST_0160,22,1.12,387.47,109,0.32,0.23,500.0
CUST_0161,18,5.94,1212.23,261,0.46,0.28,5461.4
CUST_0162,13,1.1,795.17,278,0.32,0.37,5869.4
CUST_0163,27,5.6,1540.79,79,0.66,0.35,18020.5
CUST_0164,6,1.02,1781.04,350,0.46,0.32,1386.01
CUST_0165,19,5.11,1488.11,27,0.67,0.11,25423.31
CUST_0166,38,3.74,504.31,19,0.06,0.11,19110.37
CUST_0167,14,4.39,2516.9,2,0.62,0.25,34985.41
CUST_0168,13,1.88,611.4,131,0.37,0.21,9267.38
CUST_0169,19,0.88,1617.24,141,0.11,0.31,6714.96
CUST_0170,59,2.32,2413.26,140,0.17,0.22,29621.47
CUST_0171,19,0.61,1453.94,139,0.6,0.14,500.0
CUST_0172,37,3.69,2133.53,65,0.67,0.39,18636.99
CUST_0173,34,1.47,798.74,161,0.5,0.27,8922.17
CUST_0174,38,4.13,1377.29,204,0.43,0.3,12751.08
CUST_0175,16,3.4,2022.28,16,0.17,0.14,59002.06
CUST_0176,6,4.92,1996.05,24,0.18,0.01,89815.36
CUST_0177,55,2.66,2697.39,326,0.29,0.21,9036.01
CUST_0178,4,5.5,489.1,122,0.31,0.32,11614.91
CUST_0179,10,1.12,994.53,85,0.3,0.07,4348.06
CUST_0180,18,2.07,1610.22,124,0.21,0.15,17332.58
CUST_0181,6,5.15,1672.65,263,0.03,0.11,19623.22
CUST_0182,34,0.99,1999.79,46,0.28,0.11,17202.6
CUST_0183,39,4.72,720.94,236,0.14,0.29,11522.03
CUST_0184,41,3.66,1595.35,183,0.69,0.0,16328.6
CUST_0185,45,2.81,406.52,164,0.61,0.04,2266.17
CUST_0186,19,2.73,1249.36,162,0.41,0.02,13461.41
CUST_0187,36,3.68,2603.88,153,0.6,0.15,26290.8
CUST_0188,42,5.39,744.33,311,0.18,0.22,3365.9
CUST_0189,52,4.17,1532.23,202,0.46,0.18,14093.47
CUST_0190,25,5.45,977.11,123,0.66,0.12,12549.23
CUST_0191,17,4.3,1362.22,34,0.49,0.04,30630.51
CUST_0192,51,1.46,934.78,76,0.25,0.21,4804.29
CUST_0193,52,5.66,2622.27,300,0.35,0.27,11427.82
CUST_0194,59,5.46,888.12,21,0.07,0.25,42356.96
CUST_0195,14,5.99,2462.52,170,0.1,0.22,66050.82
CUST_0196,39,2.1,2768.75,285,0.59,0.21,3525.32
CUST_0197,42,2.89,2171.37,126,0.23,0.26,23543.22
CUST_0198,56,4.62,1739.9,136,0.49,0.12,30718.98
CUST_0199,36,0.59,751.57,119,0.12,0.24,1292.23
CUST_0200,1,3.97,1032.96,323,0.14,0.06,12204.85
CUST_0201,58,5.01,1129.33,75,0.42,0.15,30033.7
CUST_0202,2,5.12,2535.82,206,0.58,0.32,16678.28
CUST_0203,15,5.42,2249.86,362,0.32,0.24,500.0
CUST_0204,41,5.83,1576.38,165,0.66,0.09,23811.52
CUST_0205,49,2.35,508.33,296,0.6,0.21,500.0
CUST_0206,40,2.41,2538.99,218,0.34,0.04,19017.11
CUST_0207,19,5.42,1469.35,131,0.35,0.38,25273.88
CUST_0208,57,3.28,2094.76,330,0.55,0.07,4510.46
CUST_0209,4,4.15,2656.08,132,0.37,0.1,45952.28
CUST_0210,38,2.98,2846.97,186,0.4,0.36,18667.3
CUST_0211,15,4.76,2363.28,232,0.5,0.04,26699.14
CUST_0212,21,2.11,2729.9,38,0.52,0.24,20926.73
CUST_0213,19,4.95,2428.18,214,0.13,0.17,45027.03
CUST_0214,20,1.05,1746.06,12,0.02,0.2,20901.69
CUST_0215,15,1.17,1515.88,293,0.41,0.03,11562.3
CUST_0216,5,5.56,1547.53,316,0.37,0.2,10067.85
CUST_0217,58,2.18,612.99,294,0.63,0.04,6083.45
CUST_0218,54,3.4,1600.23,89,0.13,0.27,30974.96
CUST_0219,24,2.03,2949.1,169,0.67,0.39,14428.72
CUST_0220,25,5.82,1894.98,229,0.48,0.14,13313.19
CUST_0221,40,3.06,2351.45,338,0.05,0.23,4827.18
CUST_0222,41,3.81,640.28,132,0.48,0.1,6982.59
CUST_0223,53,0.87,1486.5,238,0.31,0.01,1548.92
CUST_0224,21,1.81,1364.78,152,0.06,0.35,6284.82
CUST_0225,26,4.79,704.47,247,0.63,0.11,10638.91
CUST_0226,43,0.73,2578.42,14,0.64,0.28,9446.06
CUST_0227,44,5.52,541.58,239,0.17,0.24,5552.98
CUST_0228,33,5.04,1057.21,312,0.16,0.02,1276.32
CUST_0229,9,0.78,686.4,175,0.2,0.26,500.0
CUST_0230,36,3.82,871.08,348,0.35,0.36,500.0
CUST_0231,33,2.06,1365.27,129,0.67,0.18,7077.61
CUST_0232,57,1.7,1677.22,330,0.33,0.32,500.0
CUST_0233,21,0.74,2659.68,58,0.22,0.15,12188.31
CUST_0234,8,0.92,1190.98,31,0.69,0.35,3502.74
CUST_0235,49,4.76,1599.94,347,0.21,0.26,500.0
CUST_0236,54,0.88,1555.01,315,0.49,0.14,500.0
CUST_0237,26,1.63,2239.02,100,0.63,0.4,9056.91
CUST_0238,16,4.12,1925.27,155,0.05,0.13,46365.08
CUST_0239,51,0.92,1942.12,284,0.32,0.16,5522.81
CUST_0240,35,4.97,1146.74,272,0.5,0.16,8721.51
CUST_0241,47,0.53,1382.38,222,0.36,0.2,4634.78
CUST_0242,24,3.15,2552.0,190,0.54,0.33,10979.85
CUST_0243,45,2.57,2819.96,50,0.43,0.11,27267.75
CUST_0244,6,1.73,742.85,302,0.58,0.29,500.0
CUST_0245,58,3.71,1143.35,64,0.19,0.13,32098.94
CUST_0246,47,1.5,1682.23,302,0.61,0.3,4705.38
CUST_0247,54,1.14,2303.24,251,0.63,0.24,4320.21
CUST_0248,51,4.81,453.97,110,0.24,0.12,14449.16
CUST_0249,17,1.55,646.05,21,0.63,0.21,4086.0
CUST_0250,29,5.94,830.71,319,0.27,0.18,500.0
CUST_0251,11,3.67,937.77,246,0.28,0.03,12926.92
CUST_0252,16,5.88,509.23,329,0.25,0.18,10551.67
CUST_0253,18,1.94,2899.51,280,0.66,0.39,1626.83
CUST_0254,21,5.89,424.05,260,0.26,0.3,500.0
CUST_0255,1,4.63,1555.29,66,0.34,0.38,34799.17
CUST_0256,3,0.66,428.27,295,0.15,0.1,500.0
CUST_0257,45,2.4,1276.7,300,0.31,0.35,500.0
CUST_0258,16,3.01,872.92,236,0.67,0.31,500.0
CUST_0259,30,4.59,2408.71,4,0.54,0.23,40180.68
CUST_0260,31,2.59,2702.28,122,0.43,0.19,20306.0
CUST_0261,6,4.34,496.76,52,0.19,0.12,20815.42
CUST_0262,18,2.61,2887.79,165,0.13,0.13,40134.35
CUST_0263,53,3.26,1953.68,1,0.23,0.29,41525.13
CUST_0264,2,5.67,1913.04,102,0.28,0.08,62886.77
CUST_0265,23,5.31,2666.76,92,0.43,0.02,77094.85
CUST_0266,40,5.48,1661.77,76,0.28,0.25,39493.8
CUST_0267,1,3.88,1713.0,120,0.46,0.15,28637.27
CUST_0268,19,2.24,1690.71,189,0.61,0.17,5929.5
CUST_0269,59,5.58,1774.21,241,0.6,0.11,12330.78
CUST_0270,13,4.21,667.3,224,0.07,0.1,10117.15
CUST_0271,43,5.08,834.43,124,0.5,0.29,11404.98
CUST_0272,19,5.16,1986.2,193,0.36,0.3,28145.24
CUST_0273,16,3.25,1617.92,267,0.55,0.22,9228.19
CUST_0274,28,4.64,861.19,222,0.06,0.1,13130.32
CUST_0275,57,4.96,444.61,298,0.19,0.1,1910.3
CUST_0276,49,1.84,410.99,336,0.07,0.32,1428.74
CUST_0277,14,1.06,807.01,89,0.47,0.04,1221.97
CUST_0278,32,3.79,1135.57,364,0.62,0.27,2542.37
CUST_0279,36,4.8,849.71,297,0.37,0.12,6360.02
CUST_0280,7,5.24,814.08,257,0.01,0.12,12963.82
CUST_0281,51,4.43,1004.79,336,0.34,0.32,3747.53
CUST_0282,56,4.08,1067.47,265,0.12,0.06,7075.6
CUST_0283,11,4.81,1056.85,150,0.35,0.19,21086.15
CUST_0284,20,0.75,2800.48,60,0.53,0.02,9260.84
CUST_0285,18,0.83,1986.81,76,0.42,0.09,13066.56
CUST_0286,26,1.9,845.06,261,0.09,0.36,6008.08
CUST_0287,24,2.35,2460.82,134,0.42,0.23,18309.66
CUST_0288,57,4.08,1700.5,121,0.09,0.17,42379.3
CUST_0289,29,1.47,1616.85,231,0.57,0.15,2520.64
CUST_0290,13,2.0,2181.45,291,0.41,0.37,6961.83
CUST_0291,58,1.6,2272.47,180,0.4,0.22,12351.21
CUST_0292,36,4.79,2199.83,6,0.16,0.17,86174.53
CUST_0293,43,2.64,2818.22,114,0.29,0.27,36820.56
CUST_0294,44,4.9,1828.74,232,0.63,0.22,4977.11
CUST_0295,50,2.28,510.11,63,0.17,0.38,5494.51
CUST_0296,22,5.45,2539.54,313,0.16,0.16,15057.6
CUST_0297,54,3.68,1972.47,153,0.25,0.05,28215.44
CUST_0298,39,1.69,1002.21,362,0.3,0.21,500.0
CUST_0299,41,1.52,1573.62,157,0.47,0.28,8470.51
CUST_0300,23,5.99,1157.58,163,0.06,0.14,42345.05
CUST_0301,9,5.0,2416.84,231,0.49,0.34,16689.32
CUST_0302,20,3.6,2245.48,39,0.31,0.18,43931.01
CUST_0303,10,3.78,702.08,42,0.13,0.38,14677.07
CUST_0304,9,4.23,1248.8,306,0.57,0.24,8081.96
CUST_0305,46,1.27,2723.21,142,0.37,0.39,10795.94
CUST_0306,36,0.71,1691.84,107,0.42,0.29,3225.64
CUST_0307,47,2.5,2533.65,79,0.39,0.2,34515.72
CUST_0308,28,3.49,2594.7,259,0.28,0.19,15883.15
CUST_0309,8,5.28,1890.4,31,0.66,0.22,29182.74
CUST_0310,21,0.59,2704.73,188,0.7,0.23,5420.79
CUST_0311,31,3.85,1073.84,82,0.4,0.09,20901.81
CUST_0312,42,3.03,2813.57,57,0.4,0.08,49007.55
CUST_0313,20,4.82,2210.29,136,0.23,0.04,52384.68
CUST_0314,18,3.37,744.01,350,0.42,0.39,500.0
CUST_0315,8,1.16,1704.92,171,0.38,0.11,500.0
CUST_0316,28,2.85,348.19,342,0.16,0.18,2833.9
CUST_0317,26,1.18,2166.68,7,0.1,0.03,20812.81
CUST_0318,37,1.65,1390.92,191,0.68,0.3,5179.76
CUST_0319,18,2.13,2960.67,37,0.46,0.25,28786.34
CUST_0320,2,2.13,1503.74,211,0.26,0.24,9672.73
CUST_0321,16,1.55,2863.31,346,0.49,0.27,500.0
CUST_0322,46,5.34,1092.68,53,0.32,0.28,36268.27
CUST_0323,16,1.44,915.51,75,0.45,0.29,6683.06
CUST_0324,10,3.19,2936.21,5,0.52,0.31,36667.11
CUST_0325,14,2.27,2486.57,317,0.56,0.37,5831.66
CUST_0326,52,2.49,1451.39,296,0.52,0.0,500.0
CUST_0327,26,3.24,1469.0,285,0.27,0.12,15764.67
CUST_0328,47,2.74,2454.21,334,0.24,0.38,3258.85
CUST_0329,14,0.74,1787.79,189,0.16,0.36,7982.93
CUST_0330,13,2.03,637.76,304,0.53,0.12,4233.51
CUST_0331,35,5.76,1607.33,79,0.37,0.04,49169.35
CUST_0332,13,2.9,1516.75,251,0.54,0.12,6333.0
CUST_0333,54,3.88,1469.35,205,0.41,0.21,8453.51
CUST_0334,18,3.84,2270.08,96,0.36,0.34,37954.47
CUST_0335,39,1.22,2138.58,283,0.07,0.25,1977.39
CUST_0336,55,2.01,2588.79,181,0.38,0.04,19258.53
CUST_0337,12,1.94,1533.42,180,0.29,0.31,9628.23
CUST_0338,37,0.95,2492.35,230,0.15,0.25,9635.52
CUST_0339,49,0.94,453.16,309,0.5,0.39,6292.17
CUST_0340,17,1.88,1463.33,102,0.6,0.31,3847.71
CUST_0341,57,1.79,599.08,284,0.16,0.17,3819.01
CUST_0342,14,2.38,2382.38,248,0.17,0.12,9282.64
CUST_0343,3,2.71,1461.84,50,0.46,0.18,21323.76
CUST_0344,38,1.51,869.17,119,0.52,0.03,5825.5
CUST_0345,30,2.87,1628.39,257,0.01,0.22,8201.06
CUST_0346,40,3.33,2362.71,20,0.63,0.07,31341.52
CUST_0347,11,5.89,2506.66,27,0.48,0.0,97271.02
CUST_0348,10,5.04,2319.79,33,0.48,0.02,65473.27
CUST_0349,10,2.39,1344.09,46,0.42,0.35,4815.9
CUST_0350,30,3.26,562.09,257,0.12,0.11,1327.12
CUST_0351,9,4.56,888.02,214,0.52,0.1,5728.76
CUST_0352,34,2.27,477.88,90,0.58,0.11,6821.52
CUST_0353,18,5.25,481.67,360,0.19,0.3,6658.15
CUST_0354,2,5.2,1820.87,344,0.56,0.08,3004.32
CUST_0355,33,1.55,2360.13,245,0.6,0.15,4346.23
CUST_0356,20,1.03,910.22,300,0.09,0.06,500.0
CUST_0357,57,4.0,1640.57,296,0.35,0.06,6317.12
CUST_0358,5,1.28,2012.51,194,0.51,0.31,5485.22
CUST_0359,50,0.62,2414.89,59,0.06,0.06,17689.83
CUST_0360,41,0.65,468.49,281,0.23,0.04,5508.92
CUST_0361,15,1.13,1625.55,109,0.02,0.27,13813.99
CUST_0362,44,5.63,2551.29,275,0.19,0.16,29927.19
CUST_0363,30,1.8,2598.01,186,0.47,0.15,8599.19
CUST_0364,55,5.17,1961.34,185,0.6,0.21,11719.67
CUST_0365,11,3.44,2769.28,114,0.07,0.21,55769.48
CUST_0366,19,1.49,2138.03,56,0.65,0.04,10463.6
CUST_0367,39,1.5,1390.55,220,0.39,0.19,3360.44
CUST_0368,27,2.62,1014.65,332,0.5,0.28,500.0
CUST_0369,40,5.9,1323.14,13,0.55,0.17,32952.79
CUST_0370,47,3.48,1357.2,30,0.55,0.13,15801.13
CUST_0371,5,3.39,2434.44,138,0.4,0.08,27736.56
CUST_0372,26,1.62,2069.57,246,0.58,0.39,4103.7
CUST_0373,43,0.8,2284.96,150,0.04,0.1,9484.42
CUST_0374,19,0.61,2397.22,302,0.07,0.04,8634.72
CUST_0375,12,5.03,1202.07,152,0.6,0.4,12542.69
CUST_0376,40,3.59,1496.86,227,0.03,0.31,19192.15
CUST_0377,52,3.96,2250.3,263,0.08,0.05,24736.4
CUST_0378,43,1.58,859.19,362,0.02,0.3,937.7
CUST_0379,32,1.29,597.45,85,0.08,0.3,5981.92
CUST_0380,46,0.67,2393.19,51,0.18,0.02,7358.27
CUST_0381,1,2.65,1770.63,85,0.27,0.24,23514.08
CUST_0382,53,0.93,2559.62,295,0.1,0.37,500.0
CUST_0383,33,2.81,1842.05,159,0.59,0.38,8874.44
CUST_0384,18,2.01,2601.97,345,0.15,0.34,500.0
CUST_0385,22,2.71,2757.1,277,0.45,0.21,7922.66
CUST_0386,35,5.93,1424.65,159,0.29,0.08,42323.4
CUST_0387,27,3.91,1599.41,287,0.62,0.38,7751.49
CUST_0388,51,4.43,1971.33,127,0.62,0.12,23841.49
CUST_0389,30,1.63,2740.89,189,0.24,0.19,11313.54
CUST_0390,41,0.83,1564.26,207,0.06,0.01,500.0
CUST_0391,53,2.73,1673.11,144,0.03,0.22,25095.62
CUST_0392,4,2.62,1837.06,351,0.62,0.1,558.12
CUST_0393,11,3.36,2368.22,146,0.62,0.23,17882.19
CUST_0394,45,5.87,994.95,167,0.25,0.24,26445.29
CUST_0395,18,1.79,2417.22,283,0.31,0.36,13281.45
CUST_0396,21,1.26,1605.19,93,0.37,0.04,7236.78
CUST_0397,58,2.9,1864.43,135,0.62,0.24,6048.25
CUST_0398,32,3.44,1116.12,308,0.49,0.19,6251.13
CUST_0399,54,4.16,2296.33,105,0.38,0.38,37462.9
CUST_0400,29,5.91,2086.97,122,0.29,0.26,49154.04
CUST_0401,32,1.94,1427.92,338,0.26,0.13,5631.69
CUST_0402,53,3.61,1843.9,6,0.3,0.11,49825.03
CUST_0403,32,1.05,1023.97,342,0.43,0.33,5864.19
CUST_0404,42,4.56,1229.4,233,0.33,0.18,10842.13
CUST_0405,44,5.56,1134.74,201,0.24,0.25,19238.31
CUST_0406,26,4.7,405.12,68,0.31,0.39,8231.3
CUST_0407,23,2.43,1898.58,176,0.23,0.15,17604.37
CUST_0408,7,0.86,1017.87,50,0.39,0.25,3466.62
CUST_0409,58,4.68,2095.65,165,0.4,0.11,34152.5
CUST_0410,51,3.61,865.38,280,0.28,0.05,5644.2
CUST_0411,59,5.25,2186.88,10,0.26,0.3,69175.08
CUST_0412,26,5.34,1427.52,34,0.61,0.07,35999.72
CUST_0413,27,4.42,2569.99,65,0.09,0.07,96926.34
CUST_0414,11,2.06,2745.46,335,0.29,0.18,4321.75
CUST_0415,24,3.77,1305.01,140,0.01,0.19,20967.2
CUST_0416,17,1.68,1954.39,76,0.69,0.12,6552.79
CUST_0417,6,5.73,2425.91,184,0.51,0.23,34175.43
CUST_0418,7,5.66,1710.86,197,0.21,0.28,23931.03
CUST_0419,22,5.51,2936.64,12,0.06,0.23,127886.22
CUST_0420,12,3.98,2722.16,178,0.4,0.26,31245.31
CUST_0421,32,3.28,1695.73,66,0.5,0.37,20389.89
CUST_0422,3,0.89,2834.12,156,0.31,0.02,6668.67
CUST_0423,42,4.2,1216.85,270,0.09,0.28,12648.32
CUST_0424,17,4.27,1303.74,45,0.67,0.29,15356.6
CUST_0425,47,4.7,1502.39,268,0.39,0.32,12687.84
CUST_0426,57,3.92,1127.84,76,0.57,0.38,7215.75
CUST_0427,51,2.38,1742.64,188,0.34,0.02,19517.9
CUST_0428,20,5.58,1140.73,14,0.47,0.37,32223.22
CUST_0429,5,5.73,1287.82,210,0.28,0.13,22735.72
CUST_0430,56,3.38,2852.38,52,0.07,0.11,82857.51
CUST_0431,2,5.91,1616.99,255,0.62,0.2,8697.62
CUST_0432,30,1.77,1764.45,82,0.3,0.38,8003.89
CUST_0433,49,3.65,1494.15,243,0.5,0.06,7703.8
CUST_0434,21,5.04,1549.04,38,0.31,0.24,43756.38
CUST_0435,31,3.67,1168.4,217,0.35,0.04,15156.61
CUST_0436,40,1.55,2942.06,326,0.51,0.35,4511.59
CUST_0437,41,2.92,2206.89,203,0.36,0.17,15919.47
CUST_0438,17,5.41,2094.59,193,0.52,0.08,31160.63
CUST_0439,30,2.17,720.73,321,0.46,0.09,500.0
CUST_0440,31,2.03,2073.0,202,0.41,0.35,13673.62
CUST_0441,45,2.15,1078.23,336,0.55,0.07,544.62
CUST_0442,1,5.4,2242.78,65,0.21,0.23,74730.79
CUST_0443,58,5.13,2717.23,36,0.14,0.2,105115.23
CUST_0444,27,4.29,759.29,332,0.16,0.07,5977.19
CUST_0445,10,5.46,1404.43,316,0.25,0.03,787.08
CUST_0446,16,4.15,647.92,55,0.23,0.25,16776.45
CUST_0447,54,1.34,2852.6,338,0.69,0.08,8514.67
CUST_0448,56,5.32,2812.28,135,0.43,0.24,47834.6
CUST_0449,6,3.83,1952.49,244,0.41,0.13,19779.09
CUST_0450,55,1.15,1807.29,214,0.48,0.31,4246.0
CUST_0451,46,1.5,883.8,81,0.68,0.17,500.0
CUST_0452,58,5.94,968.51,221,0.6,0.2,7920.42
CUST_0453,55,0.92,1643.78,357,0.62,0.21,1410.76
CUST_0454,37,0.64,2899.93,52,0.08,0.06,13863.79
CUST_0455,28,1.96,1688.5,279,0.21,0.31,4458.17
CUST_0456,4,5.9,957.92,291,0.31,0.38,7255.99
CUST_0457,22,5.39,549.41,204,0.11,0.22,8566.74
CUST_0458,41,0.69,2641.25,275,0.43,0.18,2003.08
CUST_0459,23,5.37,2047.96,338,0.16,0.02,8497.55
CUST_0460,41,0.64,1037.68,81,0.23,0.15,7739.48
CUST_0461,53,1.46,799.41,165,0.01,0.08,6852.65
CUST_0462,45,4.24,790.33,243,0.67,0.14,500.0
CUST_0463,40,3.27,2072.57,61,0.66,0.06,28626.49
CUST_0464,42,4.11,854.83,24,0.14,0.17,24809.24
CUST_0465,31,0.66,2680.68,167,0.12,0.39,7590.31
CUST_0466,20,0.52,2727.65,163,0.49,0.29,500.0
CUST_0467,35,2.38,1959.48,94,0.14,0.13,37649.99
CUST_0468,53,1.81,1323.82,68,0.18,0.31,14068.1
CUST_0469,47,5.01,336.42,323,0.63,0.07,3659.47
CUST_0470,54,2.32,774.15,23,0.43,0.15,9508.93
CUST_0471,6,2.54,973.59,134,0.25,0.09,10590.92
CUST_0472,7,2.28,2438.73,22,0.69,0.13,18077.49
CUST_0473,37,1.83,938.49,333,0.55,0.05,500.0
CUST_0474,48,3.52,2927.23,351,0.66,0.32,8031.82
CUST_0475,34,1.24,759.79,195,0.39,0.05,500.0
CUST_0476,42,1.92,2935.55,142,0.07,0.12,29913.88
CUST_0477,7,5.95,1327.09,245,0.69,0.01,15452.51
CUST_0478,31,2.86,1024.85,105,0.61,0.14,6163.66
CUST_0479,41,2.09,2486.95,230,0.55,0.27,4214.11
CUST_0480,33,3.04,710.1,215,0.19,0.18,10634.59
CUST_0481,40,5.35,2004.57,307,0.29,0.23,9765.97
CUST_0482,19,2.11,1814.87,282,0.13,0.19,9962.11
CUST_0483,14,1.65,1698.31,39,0.51,0.2,13002.9
CUST_0484,4,2.09,2510.04,213,0.56,0.14,14589.9
CUST_0485,7,4.51,1301.24,323,0.45,0.09,7556.59
CUST_0486,31,1.89,1501.86,137,0.4,0.29,10026.47
CUST_0487,2,5.01,2860.56,274,0.7,0.37,3186.55
CUST_0488,40,5.49,2032.92,276,0.65,0.19,11187.67
CUST_0489,54,5.06,529.87,95,0.28,0.14,13992.12
CUST_0490,50,2.62,362.66,25,0.18,0.33,16102.27
CUST_0491,55,1.17,586.16,293,0.22,0.07,500.0
CUST_0492,45,5.99,2124.08,252,0.12,0.04,42552.14
CUST_0493,26,1.97,731.55,159,0.47,0.35,11476.11
CUST_0494,57,2.91,1146.55,209,0.15,0.29,11935.12
CUST_0495,57,5.87,1957.52,81,0.31,0.07,68858.49
CUST_0496,18,3.54,1896.55,307,0.02,0.05,9741.21
CUST_0497,29,1.99,2014.19,230,0.48,0.22,12027.0
CUST_0498,22,0.62,2599.69,68,0.48,0.05,10263.48
CUST_0499,54,3.3,2456.69,54,0.34,0.22,36755.59
CUST_0500,12,5.21,1747.73,132,0.43,0.01,46165.86
CUST_0501,5,0.8,353.14,80,0.25,0.15,500.0
CUST_0502,55,2.17,2356.63,149,0.57,0.27,10379.88
CUST_0503,45,4.68,2662.59,147,0.13,0.2,71022.68
CUST_0504,55,4.84,2277.07,256,0.14,0.13,35381.25
CUST_0505,18,5.67,547.86,184,0.55,0.16,500.0
CUST_0506,14,3.65,2267.38,346,0.17,0.02,10900.53
CUST_0507,40,5.82,2508.78,300,0.29,0.38,18692.75
CUST_0508,53,3.1,685.25,62,0.43,0.2,8824.71
CUST_0509,6,3.56,2348.14,340,0.39,0.25,4051.51
CUST_0510,8,5.4,569.8,54,0.35,0.33,17548.5
CUST_0511,17,2.21,1094.01,71,0.69,0.31,11127.53
CUST_0512,56,3.67,1254.7,84,0.56,0.26,8485.98
CUST_0513,30,5.36,2136.84,183,0.06,0.04,60577.79
CUST_0514,45,2.23,1967.07,122,0.03,0.37,26115.03
CUST_0515,5,0.95,1448.45,80,0.37,0.15,11116.74
CUST_0516,56,3.49,319.9,127,0.21,0.13,5634.84
CUST_0517,48,0.76,1120.19,144,0.28,0.02,2518.58
CUST_0518,4,1.58,2835.31,8,0.65,0.39,10895.42
CUST_0519,15,4.99,2635.5,151,0.09,0.17,72048.22
CUST_0520,54,5.28,1258.96,7,0.05,0.24,56339.02
CUST_0521,12,1.09,1371.51,42,0.05,0.2,6471.38
CUST_0522,56,2.56,843.14,194,0.41,0.1,16457.8
CUST_0523,51,5.64,1158.94,14,0.42,0.11,34037.09
CUST_0524,11,2.74,2599.25,249,0.41,0.02,20822.46
CUST_0525,4,1.6,2813.64,143,0.15,0.05,27091.41
CUST_0526,42,3.23,1750.47,92,0.01,0.02,58422.11
CUST_0527,54,2.13,1281.69,294,0.42,0.34,6082.98
CUST_0528,39,5.08,2170.7,217,0.28,0.26,28299.47
CUST_0529,51,0.79,1188.19,59,0.0,0.38,7901.84
CUST_0530,5,4.86,669.41,176,0.17,0.14,15706.86
CUST_0531,49,2.41,312.52,38,0.22,0.26,7819.73
CUST_0532,36,2.44,451.2,83,0.24,0.06,15748.97
CUST_0533,31,2.62,1634.66,198,0.17,0.17,13764.12
CUST_0534,52,1.48,1605.39,333,0.47,0.31,3200.46
CUST_0535,18,1.08,1623.08,47,0.19,0.19,8315.57
CUST_0536,5,4.36,937.4,165,0.34,0.22,13575.02
CUST_0537,51,4.0,2930.38,281,0.45,0.23,10817.0
CUST_0538,31,1.5,1193.94,84,0.65,0.38,7439.01
CUST_0539,6,1.7,952.29,196,0.47,0.38,2893.32
CUST_0540,22,0.82,1170.07,239,0.36,0.37,500.0
CUST_0541,59,1.18,2000.72,19,0.43,0.35,500.0
CUST_0542,32,3.41,747.2,197,0.28,0.17,13506.36
CUST_0543,25,0.58,2165.65,337,0.15,0.12,500.0
CUST_0544,32,4.97,2031.2,49,0.38,0.26,57411.75
CUST_0545,35,2.65,2944.62,223,0.39,0.17,17535.51
CUST_0546,7,1.03,1623.65,309,0.53,0.34,1146.52
CUST_0547,27,4.69,2339.17,170,0.16,0.05,54936.5
CUST_0548,27,4.62,1798.66,140,0.03,0.02,56304.15
CUST_0549,45,4.76,1949.21,17,0.52,0.16,40971.77
CUST_0550,13,1.03,1135.29,196,0.3,0.31,5914.92
CUST_0551,38,5.71,1712.15,76,0.18,0.07,75946.04
CUST_0552,4,3.18,1690.56,304,0.33,0.11,8611.65
CUST_0553,26,4.83,878.48,65,0.5,0.38,9439.74
CUST_0554,47,2.99,2881.64,139,0.56,0.02,28675.52
CUST_0555,31,2.88,1976.62,74,0.53,0.28,15545.56
CUST_0556,38,1.64,572.55,314,0.68,0.14,500.0
CUST_0557,57,5.22,1299.37,129,0.37,0.19,28359.92
CUST_0558,35,3.67,834.59,287,0.35,0.37,6722.0
CUST_0559,23,2.22,1051.83,295,0.68,0.01,2378.26
CUST_0560,49,4.45,2382.17,86,0.63,0.3,24431.3
CUST_0561,47,5.39,407.85,172,0.54,0.4,6800.71
CUST_0562,29,3.39,1880.07,252,0.15,0.29,8767.3
CUST_0563,6,1.81,2121.57,140,0.29,0.07,12486.74
CUST_0564,34,5.99,2920.55,310,0.51,0.22,14557.55
CUST_0565,48,2.33,2598.27,165,0.04,0.22,34163.42
CUST_0566,19,1.12,342.32,159,0.24,0.13,584.28
CUST_0567,4,1.78,1799.71,178,0.55,0.32,5060.28
CUST_0568,40,5.06,1537.83,204,0.43,0.37,5891.54
CUST_0569,17,0.66,665.13,304,0.02,0.38,4110.36
CUST_0570,15,1.76,1685.31,127,0.55,0.22,3653.65
CUST_0571,1,5.06,2730.54,214,0.08,0.32,37942.42
CUST_0572,45,3.13,1352.65,133,0.42,0.28,15121.42
CUST_0573,38,2.35,1542.42,23,0.62,0.04,7970.16
CUST_0574,22,4.22,2177.59,35,0.53,0.14,37335.8
CUST_0575,35,3.57,2874.28,350,0.63,0.28,500.0
CUST_0576,39,3.53,1764.93,277,0.61,0.15,8866.34
CUST_0577,11,4.71,2985.65,68,0.05,0.29,94438.74
CUST_0578,15,5.68,857.52,225,0.15,0.02,16741.21
CUST_0579,57,5.88,1131.65,133,0.24,0.39,22143.9
CUST_0580,52,4.04,1871.55,190,0.47,0.02,19027.98
CUST_0581,48,1.96,1076.49,3,0.13,0.3,19351.28
CUST_0582,31,3.3,883.0,93,0.21,0.15,20392.82
CUST_0583,16,2.63,1454.78,212,0.11,0.33,8305.02
CUST_0584,7,3.51,300.31,46,0.56,0.3,500.0
CUST_0585,49,3.01,2786.87,73,0.24,0.06,55676.44
CUST_0586,53,3.44,2179.41,19,0.4,0.03,42888.8
CUST_0587,48,5.44,2703.05,312,0.67,0.25,10588.37
CUST_0588,14,2.93,601.36,348,0.52,0.06,500.0
CUST_0589,38,3.75,768.77,324,0.54,0.4,7323.37
CUST_0590,21,3.86,2439.92,93,0.65,0.32,24960.58
CUST_0591,40,0.97,2491.81,110,0.11,0.2,14463.73
CUST_0592,16,3.0,388.19,62,0.14,0.21,9209.46
CUST_0593,27,5.17,1438.2,355,0.11,0.31,500.0
CUST_0594,54,2.48,751.5,202,0.43,0.3,7165.01
CUST_0595,27,5.09,2310.18,54,0.56,0.28,42325.84
CUST_0596,6,2.5,1506.15,56,0.33,0.25,17300.92
CUST_0597,51,2.69,1146.39,2,0.46,0.04,20049.26
CUST_0598,36,4.29,1437.19,161,0.5,0.11,20669.07
CUST_0599,59,3.96,1096.38,116,0.3,0.22,27422.79
CUST_0600,11,3.14,1508.71,160,0.64,0.37,9444.93
CUST_0601,19,3.59,1110.23,260,0.38,0.31,2491.51
CUST_0602,2,4.52,826.53,143,0.0,0.26,22229.67
CUST_0603,55,0.7,2830.52,357,0.45,0.03,500.0
CUST_0604,55,5.84,1583.5,312,0.61,0.05,9966.58
CUST_0605,42,4.32,2952.16,350,0.35,0.01,500.0
CUST_0606,32,0.82,2484.35,72,0.3,0.25,9526.79
CUST_0607,22,2.83,1348.57,101,0.53,0.29,12576.37
CUST_0608,11,2.46,419.32,254,0.12,0.3,3869.12
CUST_0609,20,5.34,2168.97,193,0.27,0.26,38354.45
CUST_0610,33,4.62,1447.0,176,0.15,0.1,36417.36
CUST_0611,39,3.69,2110.32,190,0.61,0.29,10635.97
CUST_0612,10,5.54,2775.75,53,0.28,0.18,87911.91
CUST_0613,26,4.66,1772.92,245,0.56,0.27,10001.81
CUST_0614,33,5.34,701.31,305,0.62,0.2,1925.92
CUST_0615,25,3.29,2242.7,276,0.58,0.23,7721.26
CUST_0616,33,0.78,978.88,168,0.1,0.1,5754.11
CUST_0617,51,5.51,2932.17,322,0.02,0.24,15265.88
CUST_0618,26,5.11,1907.4,83,0.35,0.14,51532.53
CUST_0619,4,1.16,2337.41,283,0.43,0.2,4399.83
CUST_0620,42,4.08,484.45,257,0.26,0.3,3547.12
CUST_0621,36,1.33,533.76,346,0.57,0.29,3079.48
CUST_0622,39,2.86,1485.52,57,0.33,0.3,20120.01
CUST_0623,21,4.1,998.21,355,0.48,0.1,500.0
CUST_0624,16,2.93,2631.22,216,0.57,0.04,12666.62
CUST_0625,18,3.46,1926.71,50,0.31,0.12,45385.11
CUST_0626,23,5.43,1608.94,251,0.47,0.01,17696.9
CUST_0627,6,4.84,2791.99,39,0.04,0.24,109599.85
CUST_0628,41,4.62,2748.12,158,0.28,0.3,45986.11
CUST_0629,2,4.06,1445.68,187,0.55,0.28,7583.0
CUST_0630,41,3.0,2566.29,79,0.62,0.31,22809.46
CUST_0631,53,4.9,1583.91,331,0.68,0.25,500.0
CUST_0632,10,2.26,724.61,183,0.67,0.33,864.14
CUST_0633,14,3.32,744.64,96,0.42,0.14,9253.97
CUST_0634,23,1.56,2096.36,169,0.0,0.29,21168.37
CUST_0635,59,2.28,1648.66,172,0.07,0.01,21551.27
CUST_0636,7,3.82,392.77,46,0.53,0.2,6852.51
CUST_0637,13,3.29,1317.36,301,0.18,0.01,6855.28
CUST_0638,26,4.39,2530.38,206,0.31,0.03,37955.51
CUST_0639,36,1.0,1978.35,66,0.4,0.39,11226.12
CUST_0640,34,0.91,2908.97,323,0.58,0.05,5787.33
CUST_0641,28,1.4,1608.58,361,0.6,0.14,500.0
CUST_0642,2,3.82,2094.07,291,0.65,0.3,1815.23
CUST_0643,29,1.96,1087.24,272,0.1,0.02,4497.84
CUST_0644,46,4.22,1100.11,280,0.32,0.38,6403.28
CUST_0645,35,3.33,2564.65,285,0.63,0.19,13011.12
CUST_0646,21,1.71,1196.12,228,0.52,0.18,11846.7
CUST_0647,36,4.71,2909.04,344,0.66,0.36,1467.28
CUST_0648,32,3.09,1090.06,213,0.27,0.35,1720.07
CUST_0649,55,2.26,942.79,161,0.31,0.27,3619.69
CUST_0650,11,3.28,415.08,343,0.49,0.39,500.0
CUST_0651,22,4.33,2029.27,236,0.26,0.05,26132.82
CUST_0652,59,2.11,1736.92,224,0.65,0.09,4432.97
CUST_0653,21,1.16,2377.06,252,0.11,0.38,4996.42
CUST_0654,30,4.37,2137.75,150,0.4,0.13,33024.01
CUST_0655,49,4.48,2027.69,278,0.53,0.09,13132.56
CUST_0656,24,4.93,1685.23,185,0.18,0.25,23316.61
CUST_0657,42,1.72,1619.36,61,0.58,0.06,6384.31
CUST_0658,28,4.79,821.38,45,0.55,0.1,16641.92
CUST_0659,29,4.25,2748.71,275,0.17,0.1,27003.67
CUST_0660,40,4.29,2215.76,111,0.11,0.25,51796.96
CUST_0661,8,0.63,587.27,2,0.14,0.02,500.0
CUST_0662,16,1.61,1327.09,262,0.34,0.3,500.0
CUST_0663,11,3.55,462.48,176,0.23,0.15,5466.39
CUST_0664,47,3.27,532.04,122,0.44,0.38,5898.2
CUST_0665,42,4.57,1121.1,204,0.39,0.39,12609.58
CUST_0666,47,3.98,2860.26,111,0.67,0.15,26888.51
CUST_0667,9,0.77,624.61,154,0.08,0.19,8190.4
CUST_0668,39,3.34,581.33,102,0.51,0.21,4997.37
CUST_0669,43,5.89,638.9,163,0.17,0.19,20513.47
CUST_0670,35,5.11,539.95,185,0.09,0.23,20954.52
CUST_0671,1,0.61,2420.09,304,0.35,0.1,500.0
CUST_0672,58,1.38,2295.95,56,0.36,0.16,21814.18
CUST_0673,16,3.94,2730.66,150,0.04,0.19,61490.94
CUST_0674,14,5.79,1050.8,52,0.27,0.36,20357.4
CUST_0675,17,4.67,1198.87,332,0.62,0.12,7089.89
CUST_0676,12,0.89,902.88,281,0.69,0.11,500.0
CUST_0677,20,5.62,428.57,338,0.47,0.39,500.0
CUST_0678,57,4.58,846.63,271,0.03,0.23,12113.41
CUST_0679,55,4.85,1451.87,39,0.52,0.38,21132.2
CUST_0680,28,0.52,458.97,119,0.09,0.14,500.0
CUST_0681,33,2.59,2866.82,230,0.64,0.31,7762.13
CUST_0682,2,4.55,1419.36,319,0.65,0.29,1131.11
CUST_0683,17,0.86,1734.29,358,0.35,0.2,5610.24
CUST_0684,24,0.72,1384.26,181,0.04,0.36,867.49
CUST_0685,52,2.3,1428.86,273,0.57,0.25,5029.15
CUST_0686,23,3.33,1298.44,3,0.43,0.31,22608.65
CUST_0687,8,3.13,679.87,340,0.1,0.08,500.0
CUST_0688,52,4.21,879.18,166,0.57,0.04,17066.05
CUST_0689,3,5.37,438.13,206,0.02,0.29,9307.06
CUST_0690,17,0.84,1437.26,13,0.35,0.01,5727.27
CUST_0691,13,3.98,634.59,278,0.55,0.24,500.0
CUST_0692,21,0.85,1171.04,111,0.47,0.05,500.0
CUST_0693,3,2.22,2310.25,54,0.33,0.21,24756.87
CUST_0694,2,1.92,2520.32,162,0.2,0.33,18646.34
CUST_0695,15,5.0,902.02,348,0.26,0.12,3635.33
CUST_0696,49,0.53,1667.04,265,0.6,0.18,4133.21
CUST_0697,36,0.61,2735.85,188,0.16,0.25,8726.43
CUST_0698,3,5.1,816.53,122,0.19,0.2,25463.36
CUST_0699,5,3.03,2634.92,184,0.46,0.0,19158.37
CUST_0700,28,4.21,1254.66,338,0.56,0.1,4078.44
CUST_0701,7,4.85,2114.02,143,0.57,0.13,28571.01
CUST_0702,12,0.75,1016.39,345,0.15,0.3,8862.17
CUST_0703,30,1.02,1448.31,246,0.09,0.19,7714.84
CUST_0704,35,5.46,1893.2,273,0.27,0.14,20869.03
CUST_0705,19,1.09,2993.66,178,0.01,0.33,16138.38
CUST_0706,35,3.39,2702.41,218,0.41,0.29,29456.85
CUST_0707,1,4.3,2699.83,107,0.39,0.33,34543.7
CUST_0708,48,3.41,443.55,133,0.07,0.03,11849.61
CUST_0709,41,4.01,1666.1,162,0.38,0.19,21285.4
CUST_0710,57,0.69,2004.22,324,0.56,0.34,3610.23
CUST_0711,14,3.86,418.93,285,0.63,0.27,500.0
CUST_0712,16,2.46,1535.13,364,0.43,0.2,500.0
CUST_0713,27,0.75,509.62,121,0.67,0.39,3140.92
CUST_0714,11,5.65,316.06,152,0.32,0.32,8414.88
CUST_0715,24,0.96,560.36,22,0.26,0.29,500.0
CUST_0716,47,6.0,2171.96,72,0.1,0.34,72769.89
CUST_0717,48,2.16,1073.5,327,0.16,0.29,10011.33
CUST_0718,12,4.53,1876.19,189,0.0,0.28,35601.55
CUST_0719,14,2.97,1373.86,102,0.28,0.24,24309.06
CUST_0720,38,4.68,2898.07,69,0.21,0.27,69299.96
CUST_0721,44,1.21,1089.62,77,0.38,0.1,8789.82
CUST_0722,22,5.87,1460.0,112,0.56,0.05,29823.37
CUST_0723,11,1.29,2483.39,145,0.47,0.01,15152.6
CUST_0724,18,5.94,2345.46,353,0.18,0.24,3677.68
CUST_0725,5,2.96,2032.41,102,0.1,0.14,35998.53
CUST_0726,48,2.04,1942.28,242,0.69,0.01,7069.5
CUST_0727,19,1.65,2293.64,256,0.42,0.08,5450.16
CUST_0728,22,4.69,928.06,128,0.48,0.04,16555.19
CUST_0729,53,4.42,1944.84,351,0.17,0.27,500.0
CUST_0730,16,2.91,1644.1,165,0.4,0.29,14208.43
CUST_0731,43,2.56,2742.44,264,0.35,0.04,13725.17
CUST_0732,17,5.35,2014.4,102,0.3,0.34,43256.53
CUST_0733,32,2.82,608.86,166,0.05,0.08,3577.5
CUST_0734,18,0.88,2131.95,277,0.32,0.24,9050.93
CUST_0735,45,3.74,2007.15,151,0.57,0.21,20995.46
CUST_0736,6,5.44,575.01,128,0.35,0.01,15252.83
CUST_0737,21,2.35,2522.7,40,0.01,0.16,49128.79
CUST_0738,12,5.22,2649.89,88,0.05,0.13,106847.85
CUST_0739,10,2.06,2115.28,357,0.62,0.14,500.0
CUST_0740,28,3.77,1852.99,221,0.59,0.32,14646.15
CUST_0741,47,4.93,2010.19,107,0.35,0.05,48756.84
CUST_0742,59,2.23,2284.94,299,0.07,0.39,6594.38
CUST_0743,27,3.06,1586.97,223,0.09,0.1,18958.51
CUST_0744,6,2.73,1383.26,322,0.55,0.35,3925.92
CUST_0745,14,3.83,806.18,355,0.4,0.03,500.0
CUST_0746,50,5.68,1895.25,325,0.49,0.32,10526.16
CUST_0747,5,5.02,1256.38,268,0.24,0.06,10547.55
CUST_0748,27,3.33,1045.1,234,0.12,0.27,4209.98
CUST_0749,44,2.4,466.23,358,0.52,0.07,4630.58
CUST_0750,29,1.94,2824.69,201,0.35,0.06,20421.77
CUST_0751,47,3.96,538.55,49,0.4,0.08,18602.69
CUST_0752,33,3.07,2008.57,239,0.45,0.11,11627.64
CUST_0753,53,2.62,1312.91,201,0.54,0.38,9500.53
CUST_0754,34,5.35,626.95,281,0.46,0.17,4544.33
CUST_0755,30,4.79,2400.87,44,0.61,0.34,32424.46
CUST_0756,39,5.07,2628.33,142,0.29,0.06,62682.82
CUST_0757,53,3.74,2010.29,101,0.33,0.05,41610.46
CUST_0758,32,4.33,505.73,53,0.51,0.3,8384.66
CUST_0759,53,5.05,1524.59,324,0.53,0.13,500.0
CUST_0760,9,4.12,610.37,124,0.69,0.06,3627.85
CUST_0761,46,3.33,586.37,198,0.56,0.09,4363.76
CUST_0762,55,1.26,1781.55,283,0.13,0.3,1312.31
CUST_0763,7,4.22,717.94,332,0.2,0.27,2517.96
CUST_0764,7,3.65,1386.03,342,0.54,0.25,500.0
CUST_0765,30,4.1,1981.49,203,0.1,0.19,34718.91
CUST_0766,34,3.33,419.26,299,0.3,0.17,2395.37
CUST_0767,35,2.22,1090.95,135,0.34,0.09,15771.45
CUST_0768,40,4.7,2386.99,248,0.53,0.36,8202.16
CUST_0769,21,2.13,1131.21,333,0.52,0.26,7391.28
CUST_0770,37,5.0,893.35,44,0.5,0.15,18014.66
CUST_0771,46,3.3,2579.7,138,0.33,0.04,36732.97
CUST_0772,47,0.86,305.01,355,0.35,0.13,500.0
CUST_0773,6,4.22,2851.36,9,0.19,0.12,99534.42
CUST_0774,37,3.69,1010.31,53,0.43,0.07,24165.73
CUST_0775,28,1.01,571.76,69,0.66,0.28,500.0
CUST_0776,6,4.4,587.67,311,0.05,0.02,10192.03
CUST_0777,52,2.13,1093.99,279,0.35,0.16,3855.89
CUST_0778,44,3.83,2334.43,50,0.22,0.29,44619.72
CUST_0779,25,2.25,2090.79,123,0.22,0.29,20244.69
CUST_0780,58,5.19,2499.75,269,0.16,0.37,20159.13
CUST_0781,59,0.53,1556.65,46,0.48,0.23,2115.97
CUST_0782,39,2.13,2636.7,15,0.52,0.02,30270.27
CUST_0783,21,1.05,347.72,314,0.42,0.01,500.0
CUST_0784,20,2.5,875.55,347,0.36,0.28,500.0
CUST_0785,26,5.93,2438.65,330,0.32,0.15,12488.37
CUST_0786,47,2.61,2233.43,218,0.33,0.02,26451.64
CUST_0787,18,2.47,508.82,97,0.67,0.4,3574.03
CUST_0788,44,5.02,357.67,302,0.02,0.13,500.0
CUST_0789,17,4.83,1748.93,198,0.19,0.18,33533.79
CUST_0790,28,0.68,1485.46,167,0.53,0.39,6579.74
CUST_0791,29,4.91,1577.47,259,0.49,0.09,13608.47
CUST_0792,32,3.64,1255.58,250,0.5,0.21,8354.62
CUST_0793,50,5.44,1110.46,45,0.08,0.22,42206.21
CUST_0794,50,2.18,1376.48,282,0.38,0.16,724.38
CUST_0795,43,2.2,2695.7,117,0.06,0.23,38357.67
CUST_0796,46,1.72,2481.77,13,0.06,0.16,42228.68
CUST_0797,5,4.38,556.88,297,0.51,0.13,9939.07
CUST_0798,16,3.84,2312.7,168,0.54,0.14,23945.04
CUST_0799,31,3.4,1228.73,155,0.45,0.19,18437.28
CUST_0800,40,3.88,1059.19,85,0.58,0.09,14746.88
CUST_0801,30,2.96,1226.89,196,0.39,0.02,9617.1
CUST_0802,26,2.12,2317.56,273,0.24,0.32,7947.96
CUST_0803,52,4.49,2434.08,19,0.02,0.13,109609.65
CUST_0804,46,1.08,1925.78,123,0.43,0.32,5027.07
CUST_0805,27,1.36,1932.96,231,0.52,0.11,5758.12
CUST_0806,4,1.92,1262.92,138,0.16,0.21,10541.82
CUST_0807,35,5.31,2390.39,319,0.49,0.1,11825.84
CUST_0808,50,1.48,1350.87,17,0.03,0.03,15773.14
CUST_0809,42,2.07,2553.08,119,0.66,0.25,16520.89
CUST_0810,16,0.62,2246.61,192,0.11,0.04,2093.4
CUST_0811,39,3.73,2352.07,244,0.42,0.25,21943.09
CUST_0812,8,3.46,2559.0,143,0.15,0.06,48350.36
CUST_0813,30,5.22,1057.69,283,0.64,0.14,12890.82
CUST_0814,20,2.6,1629.82,151,0.24,0.11,13144.93
CUST_0815,8,1.6,818.91,285,0.23,0.26,500.0
CUST_0816,52,2.29,1218.07,265,0.24,0.02,5899.73
CUST_0817,10,4.32,2099.37,224,0.1,0.31,29807.16
CUST_0818,56,4.77,464.3,311,0.58,0.08,500.0
CUST_0819,50,1.99,2928.08,352,0.66,0.22,500.0
CUST_0820,7,2.35,2124.53,193,0.37,0.26,17206.23
CUST_0821,58,3.1,2632.67,275,0.12,0.21,18950.44
CUST_0822,44,4.74,373.36,58,0.65,0.11,8027.43
CUST_0823,19,2.15,555.87,85,0.61,0.06,4688.96
CUST_0824,39,5.44,875.17,248,0.2,0.24,9574.29
CUST_0825,45,1.88,921.72,332,0.1,0.39,500.0
CUST_0826,8,2.09,1900.78,214,0.46,0.34,2810.65
CUST_0827,24,1.13,379.33,213,0.52,0.35,5348.73
CUST_0828,14,3.26,412.83,52,0.69,0.03,500.0
CUST_0829,36,0.66,2798.95,224,0.36,0.22,4411.65
CUST_0830,47,3.48,1841.61,175,0.36,0.25,17215.33
CUST_0831,52,0.95,2038.28,191,0.34,0.2,1936.47
CUST_0832,36,3.68,464.52,89,0.66,0.35,500.0
CUST_0833,15,0.52,2955.57,362,0.66,0.08,500.0
CUST_0834,35,1.64,2563.9,296,0.43,0.35,9244.15
CUST_0835,55,2.83,2164.94,179,0.67,0.09,9677.36
CUST_0836,15,1.79,1584.18,81,0.39,0.31,12352.96
CUST_0837,46,5.64,2572.27,29,0.36,0.25,75828.73
CUST_0838,19,2.1,378.04,187,0.15,0.14,500.0
CUST_0839,52,1.74,1639.86,306,0.14,0.37,500.0
CUST_0840,51,2.45,1361.13,121,0.62,0.12,12516.34
CUST_0841,16,0.53,2996.27,241,0.45,0.32,1703.67
CUST_0842,14,0.66,2773.76,253,0.42,0.34,500.0
CUST_0843,39,0.63,2591.45,7,0.54,0.21,15680.52
CUST_0844,39,3.85,2118.81,291,0.56,0.31,16241.65
CUST_0845,1,3.79,1820.66,307,0.02,0.06,18349.32
CUST_0846,25,1.59,2820.97,189,0.11,0.02,16891.55
CUST_0847,36,3.39,359.46,178,0.23,0.3,3455.13
CUST_0848,38,1.76,482.92,191,0.63,0.38,500.0
CUST_0849,9,5.13,2736.84,345,0.25,0.2,3259.6
CUST_0850,5,3.64,2823.45,159,0.11,0.25,43710.94
CUST_0851,55,1.62,1969.51,50,0.69,0.34,11534.06
CUST_0852,45,2.57,2373.29,39,0.32,0.21,43266.71
CUST_0853,40,3.17,2096.03,272,0.65,0.39,7783.78
CUST_0854,51,1.38,1842.87,112,0.22,0.17,15665.76
CUST_0855,26,3.52,2852.93,2,0.49,0.11,55463.01
CUST_0856,44,2.47,820.2,364,0.43,0.36,500.0
CUST_0857,23,2.46,2945.43,93,0.58,0.09,26553.08
CUST_0858,52,1.67,485.52,177,0.59,0.39,1387.38
CUST_0859,35,4.37,1079.02,64,0.22,0.32,25112.64
CUST_0860,57,0.56,2762.19,159,0.29,0.12,4052.7
CUST_0861,49,3.57,2399.16,194,0.34,0.14,19725.13
CUST_0862,25,0.78,2633.45,272,0.28,0.2,3529.39
CUST_0863,46,1.84,770.74,101,0.66,0.25,500.0
CUST_0864,42,3.57,1335.44,337,0.33,0.38,500.0
CUST_0865,59,3.82,331.38,6,0.3,0.3,7794.47
CUST_0866,15,0.9,2841.9,284,0.34,0.3,11975.98
CUST_0867,33,5.4,966.85,286,0.59,0.38,500.0
CUST_0868,45,5.11,1655.9,193,0.12,0.25,26230.87
CUST_0869,10,2.25,931.25,62,0.63,0.29,5032.13
CUST_0870,16,3.39,2306.06,331,0.54,0.15,8462.01
CUST_0871,20,1.21,2773.14,54,0.49,0.06,20573.51
CUST_0872,41,1.49,620.12,25,0.27,0.3,2504.71
CUST_0873,8,5.96,686.69,160,0.21,0.18,13058.94
CUST_0874,50,1.48,2167.71,267,0.46,0.31,1995.76
CUST_0875,45,4.01,1486.0,3,0.7,0.24,17971.2
CUST_0876,15,4.29,2088.11,226,0.26,0.34,12973.52
CUST_0877,8,3.43,2010.78,308,0.38,0.23,1201.54
CUST_0878,53,5.49,498.09,265,0.29,0.13,11786.25
CUST_0879,53,4.3,917.89,196,0.6,0.05,4268.63
CUST_0880,54,1.05,1339.52,52,0.64,0.04,1672.93
CUST_0881,30,5.7,2148.86,355,0.11,0.13,5568.36
CUST_0882,1,0.73,2912.12,4,0.24,0.07,14078.74
CUST_0883,21,1.8,2559.91,90,0.26,0.38,14918.01
CUST_0884,47,1.59,2266.75,206,0.14,0.21,11055.09
CUST_0885,34,1.27,2532.85,113,0.65,0.1,4174.84
CUST_0886,29,4.11,1046.88,55,0.58,0.26,10895.62
CUST_0887,3,4.52,2085.88,55,0.65,0.26,23330.37
CUST_0888,28,3.13,2860.12,235,0.16,0.07,32379.91
CUST_0889,33,1.63,1042.72,87,0.4,0.1,13630.46
CUST_0890,46,3.86,2502.83,58,0.05,0.25,71030.07
CUST_0891,45,0.57,2812.51,87,0.17,0.29,709.32
CUST_0892,59,3.83,1468.96,68,0.41,0.08,32452.0
CUST_0893,45,3.52,647.94,65,0.46,0.24,10411.29
CUST_0894,4,1.98,1826.77,33,0.66,0.32,6592.87
CUST_0895,45,5.68,1388.86,147,0.25,0.37,27438.62
CUST_0896,18,2.18,402.02,166,0.53,0.14,500.0
CUST_0897,22,4.5,336.64,120,0.21,0.09,11059.66
CUST_0898,40,4.93,1495.57,230,0.03,0.25,22254.51
CUST_0899,26,2.79,2323.2,20,0.21,0.36,44082.9
CUST_0900,15,5.28,2610.53,316,0.46,0.01,7376.82
CUST_0901,5,4.52,409.38,165,0.42,0.15,14673.27
CUST_0902,21,2.63,2250.82,289,0.1,0.02,16734.5
CUST_0903,54,2.3,533.57,344,0.53,0.38,500.0
CUST_0904,43,0.91,1619.28,92,0.31,0.06,2737.63
CUST_0905,23,2.55,963.57,345,0.32,0.33,2045.15
CUST_0906,25,5.44,338.63,67,0.7,0.26,3456.62
CUST_0907,32,4.77,1324.14,81,0.01,0.09,46362.98
CUST_0908,51,4.34,1986.81,205,0.01,0.19,40604.01
CUST_0909,5,2.56,938.05,263,0.38,0.32,11006.41
CUST_0910,45,0.95,1142.45,181,0.33,0.18,4081.92
CUST_0911,22,3.16,2143.03,40,0.29,0.3,40120.98
CUST_0912,53,1.55,1181.29,79,0.6,0.09,11538.53
CUST_0913,22,1.43,660.53,272,0.62,0.2,3331.65
CUST_0914,27,4.93,1373.91,97,0.28,0.05,41732.06
CUST_0915,50,1.65,1277.29,319,0.48,0.06,500.0
CUST_0916,4,5.12,638.42,158,0.25,0.27,11421.06
CUST_0917,25,0.97,2122.69,248,0.47,0.21,10472.03
CUST_0918,18,3.05,1024.25,109,0.47,0.37,500.0
CUST_0919,51,5.8,1403.53,226,0.36,0.02,21397.24
CUST_0920,56,3.02,1985.85,23,0.22,0.11,46453.89
CUST_0921,2,2.74,2517.56,57,0.64,0.19,16583.85
CUST_0922,10,3.68,875.66,21,0.13,0.39,15639.45
CUST_0923,52,3.48,389.95,109,0.07,0.24,6409.28
CUST_0924,52,0.55,2455.83,275,0.08,0.26,500.0
CUST_0925,27,5.25,1839.86,248,0.13,0.21,23258.14
CUST_0926,3,4.25,1246.12,258,0.27,0.35,8229.89
CUST_0927,16,3.53,2615.19,276,0.63,0.27,16366.68
CUST_0928,5,4.37,2203.44,88,0.07,0.06,76469.4
CUST_0929,16,1.91,2138.82,353,0.37,0.38,5412.55
CUST_0930,6,3.54,1717.14,351,0.64,0.27,500.0
CUST_0931,26,3.18,2423.79,20,0.66,0.36,23694.03
CUST_0932,8,5.39,862.31,323,0.07,0.01,5125.23
CUST_0933,3,1.73,2569.68,72,0.25,0.25,21501.82
CUST_0934,57,1.06,2848.98,139,0.22,0.15,7605.5
CUST_0935,31,1.53,880.84,67,0.55,0.18,8156.86
CUST_0936,13,3.7,413.41,137,0.01,0.21,16118.06
CUST_0937,22,2.73,2669.45,319,0.6,0.31,844.57
CUST_0938,12,5.95,1714.24,32,0.0,0.18,92148.01
CUST_0939,7,4.94,1325.03,264,0.52,0.39,2477.62
CUST_0940,24,5.99,1774.25,233,0.16,0.1,34084.82
CUST_0941,49,5.8,917.52,175,0.63,0.12,19744.45
CUST_0942,21,4.85,2736.44,132,0.09,0.07,78721.46
CUST_0943,36,2.93,1868.19,234,0.16,0.27,10559.78
CUST_0944,58,5.27,2717.33,238,0.56,0.23,20064.09
CUST_0945,43,2.64,340.45,172,0.38,0.36,6495.25
CUST_0946,58,2.04,1640.32,326,0.37,0.25,500.0
CUST_0947,42,0.68,2969.2,249,0.32,0.14,500.0
CUST_0948,33,1.08,692.05,111,0.38,0.4,8760.64
CUST_0949,30,1.36,1679.89,354,0.35,0.05,7491.67
CUST_0950,35,4.11,1034.96,25,0.37,0.14,25957.97
CUST_0951,31,2.77,2121.22,338,0.4,0.33,500.0
CUST_0952,17,1.95,2280.85,208,0.48,0.18,9636.69
CUST_0953,45,5.15,982.57,199,0.45,0.18,16180.05
CUST_0954,16,2.34,2846.04,4,0.21,0.09,54694.8
CUST_0955,10,1.67,367.49,149,0.66,0.21,11441.32
CUST_0956,56,3.32,704.4,319,0.53,0.19,500.0
CUST_0957,37,5.91,1988.42,82,0.37,0.13,62078.11
CUST_0958,31,2.71,2436.59,150,0.42,0.03,26958.14
CUST_0959,42,3.76,2546.85,190,0.32,0.02,29652.56
CUST_0960,14,2.4,845.07,168,0.49,0.17,10340.19
CUST_0961,30,2.81,2204.24,22,0.45,0.0,42889.73
CUST_0962,29,3.73,599.44,91,0.21,0.37,2921.99
CUST_0963,30,2.62,400.49,2,0.62,0.32,3373.59
CUST_0964,41,3.2,1747.75,145,0.56,0.35,15326.39
CUST_0965,9,1.05,1631.66,10,0.39,0.32,1684.16
CUST_0966,52,3.15,1669.14,235,0.57,0.24,13555.18
CUST_0967,21,3.45,1793.52,57,0.15,0.32,35448.35
CUST_0968,37,2.51,1447.52,345,0.39,0.25,2380.59
CUST_0969,23,3.27,1315.14,72,0.42,0.23,23031.28
CUST_0970,26,0.96,2692.37,236,0.24,0.28,3909.78
CUST_0971,35,3.53,548.26,43,0.28,0.19,10882.0
CUST_0972,8,1.97,2833.47,65,0.33,0.05,35374.52
CUST_0973,19,3.78,1555.38,334,0.32,0.17,895.66
CUST_0974,25,5.44,1372.48,234,0.23,0.36,15611.86
CUST_0975,41,5.27,1276.33,114,0.42,0.39,22184.11
CUST_0976,25,3.6,2226.8,326,0.43,0.36,8210.33
CUST_0977,58,1.79,1530.95,174,0.26,0.12,14466.9
CUST_0978,55,3.17,1540.45,26,0.7,0.07,15705.25
CUST_0979,42,2.29,986.95,207,0.54,0.24,8099.73
CUST_0980,11,3.26,693.56,165,0.45,0.07,10932.03
CUST_0981,58,5.95,2568.34,278,0.57,0.34,11909.54
CUST_0982,1,5.29,424.48,230,0.15,0.15,6374.93
CUST_0983,30,4.51,2013.38,277,0.62,0.14,10784.85
CUST_0984,33,1.08,2890.24,263,0.02,0.28,6943.36
CUST_0985,38,1.68,2940.61,11,0.51,0.32,19745.27
CUST_0986,45,4.5,889.3,121,0.25,0.18,28704.74
CUST_0987,33,5.35,1988.21,87,0.38,0.04,55519.32
CUST_0988,1,5.13,922.04,71,0.63,0.11,14318.46
CUST_0989,54,5.12,1124.42,13,0.3,0.28,32291.87
CUST_0990,20,3.65,2550.2,45,0.55,0.04,43594.39
CUST_0991,50,5.39,2821.27,72,0.27,0.37,66363.58
CUST_0992,46,2.84,2251.07,246,0.2,0.24,14912.24
CUST_0993,14,5.67,586.87,305,0.18,0.39,3551.55
CUST_0994,32,3.18,388.31,258,0.1,0.17,7369.65
CUST_0995,37,5.74,790.65,328,0.47,0.17,4132.19
CUST_0996,23,4.25,1269.8,13,0.39,0.31,27364.74
CUST_0997,25,2.36,2365.83,47,0.54,0.03,21551.58
CUST_0998,35,1.43,2789.47,93,0.4,0.39,15194.28
CUST_0999,20,3.18,1258.06,350,0.36,0.31,1507.15
CUST_1000,42,5.17,1777.2,271,0.28,0.22,14818.84
CUST_1001,13,0.63,1892.81,286,0.07,0.19,500.0
CUST_1002,4,4.47,2284.25,354,0.16,0.29,4001.34
CUST_1003,1,4.07,1886.72,209,0.28,0.25,30656.03
CUST_1004,48,2.22,1291.42,340,0.07,0.12,6399.17
CUST_1005,2,1.07,1494.49,351,0.06,0.26,4530.12
CUST_1006,6,2.63,1107.18,334,0.18,0.29,500.0
CUST_1007,21,2.06,1041.99,312,0.09,0.13,3022.13
CUST_1008,31,3.1,1519.37,209,0.26,0.23,14129.43
CUST_1009,42,1.91,873.5,216,0.56,0.32,4448.65
CUST_1010,8,5.24,2003.2,125,0.18,0.31,51227.74
CUST_1011,13,5.98,922.72,55,0.6,0.29,12440.42
CUST_1012,41,2.79,1372.07,269,0.21,0.28,13230.96
CUST_1013,39,0.72,2334.3,45,0.62,0.02,5487.13
CUST_1014,5,4.02,2832.58,42,0.24,0.1,85068.29
CUST_1015,4,4.65,2791.98,349,0.6,0.13,500.0
CUST_1016,21,4.38,2838.96,273,0.32,0.22,18103.49
CUST_1017,13,2.74,2130.85,185,0.29,0.17,24106.74
CUST_1018,28,4.04,955.89,241,0.46,0.35,500.0
CUST_1019,27,5.42,1634.77,123,0.5,0.02,30621.82
CUST_1020,21,4.01,2641.21,67,0.34,0.09,64252.73
CUST_1021,48,2.6,1172.61,153,0.67,0.07,11978.35
CUST_1022,26,1.41,1988.46,216,0.23,0.33,2979.19
CUST_1023,20,5.74,1750.69,188,0.47,0.21,23733.02
CUST_1024,15,5.99,1116.68,338,0.18,0.37,5631.62
CUST_1025,40,0.5,2952.13,288,0.2,0.15,6881.32
CUST_1026,50,1.15,364.23,346,0.5,0.35,500.0
CUST_1027,2,5.76,1204.34,357,0.6,0.07,983.68
CUST_1028,49,2.28,618.91,225,0.49,0.08,6114.81
CUST_1029,37,5.2,415.13,70,0.47,0.32,6694.72
CUST_1030,21,2.19,2210.74,220,0.44,0.19,2148.04
CUST_1031,17,2.47,1302.22,318,0.43,0.29,500.0
CUST_1032,14,3.86,1715.34,344,0.6,0.39,500.0
CUST_1033,25,1.47,1495.81,194,0.49,0.0,9259.79
CUST_1034,40,0.94,2695.8,346,0.56,0.17,2349.9
CUST_1035,33,1.6,2488.6,245,0.01,0.01,11945.9
CUST_1036,31,1.94,325.27,276,0.07,0.0,500.0
CUST_1037,16,2.23,1100.59,319,0.6,0.1,7288.65
CUST_1038,52,4.91,2107.55,264,0.33,0.22,21146.64
CUST_1039,11,1.72,1593.05,42,0.02,0.09,31326.38
CUST_1040,48,1.04,1726.23,164,0.43,0.17,11249.16
CUST_1041,54,5.16,390.69,269,0.23,0.07,4285.49
CUST_1042,3,5.04,2175.25,216,0.12,0.28,35190.39
CUST_1043,13,1.33,923.72,33,0.57,0.23,5951.29
CUST_1044,59,2.65,1233.13,328,0.68,0.11,2783.11
CUST_1045,39,0.87,2860.18,354,0.29,0.25,500.0
CUST_1046,6,2.96,1265.56,230,0.5,0.06,1568.26
CUST_1047,27,5.47,1063.25,228,0.65,0.14,6010.78
CUST_1048,20,0.73,600.44,331,0.09,0.03,500.0
CUST_1049,18,2.57,676.49,6,0.05,0.31,10433.96
CUST_1050,1,0.94,922.64,143,0.16,0.03,500.0
CUST_1051,30,4.33,2307.4,248,0.54,0.28,21778.52
CUST_1052,28,0.75,331.7,192,0.51,0.09,500.0
CUST_1053,45,5.02,1508.48,125,0.13,0.14,40277.96
CUST_1054,19,2.98,2233.87,113,0.29,0.22,35493.79
CUST_1055,3,4.22,2460.7,126,0.31,0.29,35370.85
CUST_1056,41,2.25,2223.27,326,0.69,0.06,559.14
CUST_1057,30,4.12,2224.78,91,0.55,0.27,38635.53
CUST_1058,27,5.7,2477.27,346,0.43,0.11,12890.68
CUST_1059,47,1.72,494.79,319,0.05,0.12,4234.18
CUST_1060,14,4.64,953.73,57,0.54,0.24,21377.2
CUST_1061,48,1.21,1102.04,247,0.11,0.39,6004.17
CUST_1062,52,4.07,2791.25,1,0.28,0.07,96041.64
CUST_1063,41,4.67,1222.19,228,0.29,0.3,18465.84
CUST_1064,14,1.13,1318.58,243,0.65,0.02,500.0
CUST_1065,14,5.31,2790.47,255,0.08,0.03,43141.44
CUST_1066,21,0.57,1361.78,167,0.35,0.19,9419.66
CUST_1067,26,0.58,1096.13,182,0.22,0.31,500.0
CUST_1068,21,5.53,1721.57,250,0.46,0.3,16686.89
CUST_1069,33,2.09,1909.67,306,0.53,0.18,10147.3
CUST_1070,7,4.43,2662.87,18,0.11,0.21,89107.17
CUST_1071,58,5.2,828.56,258,0.37,0.19,12020.5
CUST_1072,49,5.25,1081.56,314,0.06,0.29,3723.79
CUST_1073,29,5.06,910.76,43,0.35,0.32,16992.14
CUST_1074,48,5.65,1241.55,259,0.59,0.22,7475.09
CUST_1075,8,4.08,965.63,354,0.0,0.3,500.0
CUST_1076,40,0.56,918.76,203,0.24,0.04,500.0
CUST_1077,24,4.53,368.85,52,0.56,0.28,7909.76
CUST_1078,9,2.96,1730.01,147,0.65,0.06,16299.39
CUST_1079,9,4.97,2973.48,298,0.14,0.1,26177.73
CUST_1080,46,3.99,1138.82,344,0.39,0.32,4398.61
CUST_1081,24,3.32,462.14,139,0.29,0.32,2183.05
CUST_1082,42,3.47,918.7,148,0.62,0.11,11430.7
CUST_1083,1,4.6,1059.79,220,0.16,0.27,12458.32
CUST_1084,16,5.49,964.91,248,0.17,0.26,17305.39
CUST_1085,9,1.45,2748.89,167,0.05,0.23,12795.22
CUST_1086,8,3.37,1934.03,259,0.65,0.35,500.0
CUST_1087,35,5.95,1154.22,330,0.4,0.12,4619.73
CUST_1088,46,1.23,2322.95,363,0.34,0.29,7527.5
CUST_1089,21,5.79,1711.47,309,0.55,0.12,6557.12
CUST_1090,52,0.9,2668.54,249,0.13,0.38,1047.41
CUST_1091,12,5.55,897.63,110,0.19,0.27,21176.14
CUST_1092,47,0.6,2814.52,268,0.32,0.12,3334.53
CUST_1093,30,4.98,661.99,325,0.18,0.23,1377.36
CUST_1094,39,4.74,315.35,323,0.48,0.37,500.0
CUST_1095,3,1.08,1076.46,184,0.35,0.37,7921.68
CUST_1096,3,3.37,1113.89,146,0.28,0.38,8933.52
CUST_1097,4,3.26,2090.99,126,0.17,0.21,33890.64
CUST_1098,28,4.8,2215.42,150,0.51,0.28,35884.16
CUST_1099,1,2.71,2915.58,5,0.38,0.03,54503.95
CUST_1100,19,5.87,1770.41,36,0.28,0.3,61513.96
CUST_1101,20,4.08,559.84,300,0.68,0.19,8230.73
CUST_1102,6,3.14,1403.77,186,0.04,0.21,17174.55
CUST_1103,47,4.18,2627.99,255,0.58,0.13,8750.9
CUST_1104,34,5.72,1826.73,170,0.07,0.27,52952.53
CUST_1105,7,4.32,1957.85,67,0.26,0.26,48154.02
CUST_1106,47,1.04,905.09,112,0.51,0.02,6816.85
CUST_1107,6,0.87,1591.74,213,0.53,0.03,500.0
CUST_1108,42,1.04,2767.13,98,0.13,0.38,11559.17
CUST_1109,9,5.86,2184.96,125,0.08,0.32,58097.79
CUST_1110,30,4.57,1412.78,229,0.07,0.18,16387.53
CUST_1111,13,0.89,2417.85,70,0.66,0.33,5321.55
CUST_1112,25,3.86,664.59,31,0.2,0.04,20307.99
CUST_1113,53,5.32,1711.8,330,0.39,0.23,3615.53
CUST_1114,18,4.97,1336.73,330,0.28,0.25,3818.09
CUST_1115,46,5.26,2089.9,272,0.06,0.16,29586.74
CUST_1116,22,4.1,993.43,341,0.45,0.29,500.0
CUST_1117,40,2.34,1880.2,96,0.66,0.04,13630.81
CUST_1118,48,5.36,2057.87,173,0.56,0.07,33413.05
CUST_1119,19,4.39,860.69,253,0.42,0.05,11244.21
CUST_1120,57,5.85,2705.25,299,0.26,0.21,16799.87
CUST_1121,13,4.64,2105.83,181,0.58,0.27,16223.51
CUST_1122,31,1.83,2460.94,36,0.22,0.03,40619.38
CUST_1123,45,3.19,2258.22,120,0.33,0.24,27754.45
CUST_1124,43,1.71,385.93,336,0.12,0.32,9727.41
CUST_1125,12,3.97,2453.11,296,0.62,0.24,3445.56
CUST_1126,22,5.57,2040.15,136,0.31,0.07,51472.02
CUST_1127,4,2.17,1750.32,344,0.63,0.0,4249.66
CUST_1128,12,3.5,2560.25,153,0.5,0.02,28591.76
CUST_1129,57,1.2,598.57,151,0.2,0.36,500.0
CUST_1130,8,3.68,2679.74,240,0.43,0.1,22182.97
CUST_1131,38,5.43,1374.46,215,0.18,0.14,17456.75
CUST_1132,57,0.86,2414.9,302,0.49,0.36,500.0
CUST_1133,47,5.29,1075.16,62,0.29,0.18,29192.76
CUST_1134,31,3.66,1689.4,118,0.01,0.11,38918.69
CUST_1135,30,5.16,2357.55,96,0.11,0.21,74612.31
CUST_1136,1,5.94,2237.77,238,0.33,0.26,24696.81
CUST_1137,15,4.15,1289.29,233,0.08,0.3,15487.24
CUST_1138,17,4.48,2895.34,360,0.08,0.1,3920.44
CUST_1139,30,1.7,965.35,205,0.51,0.12,3859.59
CUST_1140,16,2.01,2834.21,78,0.55,0.03,20907.11
CUST_1141,29,0.54,2811.3,260,0.49,0.02,4915.16
CUST_1142,12,4.63,1132.48,345,0.08,0.23,1794.48
CUST_1143,49,2.81,737.9,239,0.5,0.3,500.0
CUST_1144,32,4.43,1063.91,263,0.11,0.27,10670.49
CUST_1145,19,0.87,1927.32,33,0.19,0.23,15179.02
CUST_1146,44,0.5,1402.56,199,0.36,0.16,500.0
CUST_1147,58,5.74,2997.18,338,0.14,0.16,19449.73
CUST_1148,44,2.24,1973.1,304,0.05,0.11,4619.52
CUST_1149,21,1.82,917.18,126,0.33,0.03,6097.94
CUST_1150,3,5.83,1082.13,43,0.02,0.35,38348.1
CUST_1151,49,1.19,581.84,344,0.25,0.03,3935.32
CUST_1152,10,4.28,1535.43,260,0.54,0.1,3374.67
CUST_1153,31,3.05,1561.17,362,0.27,0.11,7748.1
CUST_1154,14,3.69,2938.04,209,0.46,0.06,32881.57
CUST_1155,17,0.71,2711.28,237,0.06,0.21,10354.27
CUST_1156,16,3.15,1427.57,182,0.23,0.21,14035.41
CUST_1157,51,1.96,2605.69,53,0.25,0.2,40863.4
CUST_1158,10,3.9,2626.98,335,0.18,0.19,7310.05
CUST_1159,58,0.82,2150.71,335,0.07,0.2,500.0
CUST_1160,50,5.76,2488.13,334,0.38,0.32,4949.1
CUST_1161,32,2.17,1839.01,299,0.63,0.17,2252.22
CUST_1162,39,3.73,1078.79,361,0.07,0.32,4674.39
CUST_1163,45,2.87,2857.55,261,0.4,0.25,13140.17
CUST_1164,42,4.28,1138.92,57,0.37,0.34,17560.01
CUST_1165,19,4.38,909.97,43,0.27,0.14,25682.94
CUST_1166,28,2.45,2622.92,127,0.05,0.26,27526.33
CUST_1167,26,4.94,2784.82,219,0.55,0.26,20857.62
CUST_1168,41,3.28,1359.01,62,0.06,0.28,26663.95
CUST_1169,43,2.62,750.04,43,0.5,0.14,10107.82
CUST_1170,58,2.35,2789.78,146,0.4,0.1,20017.8
CUST_1171,53,5.49,500.25,10,0.3,0.1,17799.88
CUST_1172,35,2.36,1359.32,343,0.49,0.31,2532.77
CUST_1173,50,5.76,502.31,187,0.26,0.08,13945.71
CUST_1174,42,1.93,2277.45,292,0.45,0.07,2474.88
CUST_1175,7,2.13,2706.11,76,0.46,0.17,24299.86
CUST_1176,4,3.22,1376.3,66,0.34,0.08,23041.1
CUST_1177,35,4.78,2826.01,81,0.35,0.06,78069.83
CUST_1178,43,4.45,1866.19,361,0.27,0.25,4234.47
CUST_1179,38,2.63,1636.57,61,0.36,0.15,19460.7
CUST_1180,24,3.08,956.84,302,0.2,0.13,12588.2
CUST_1181,27,5.56,2062.01,295,0.17,0.05,21581.66
CUST_1182,35,3.55,1693.87,118,0.32,0.21,32153.92
CUST_1183,43,1.0,1852.81,51,0.64,0.32,8583.53
CUST_1184,40,4.07,1472.62,150,0.03,0.34,24785.07
CUST_1185,13,2.37,2517.89,79,0.48,0.34,18507.28
CUST_1186,16,1.89,344.65,214,0.46,0.11,2344.73
CUST_1187,18,4.02,459.61,200,0.38,0.33,2277.04
CUST_1188,47,4.2,1279.06,62,0.65,0.08,10473.33
CUST_1189,47,5.02,832.6,29,0.08,0.09,35374.46
CUST_1190,13,1.3,1852.53,173,0.04,0.06,6459.4
CUST_1191,34,5.65,1511.58,336,0.42,0.04,500.0
CUST_1192,11,5.72,1709.34,269,0.64,0.29,9309.47
CUST_1193,6,1.95,2044.96,25,0.42,0.02,19470.3
CUST_1194,5,4.82,1028.65,174,0.46,0.32,12748.09
CUST_1195,50,0.89,773.16,186,0.04,0.04,500.0
CUST_1196,20,4.95,927.73,314,0.68,0.12,3259.07
CUST_1197,42,2.12,1264.7,144,0.09,0.05,14338.7
CUST_1198,3,0.61,461.17,97,0.66,0.37,500.0
CUST_1199,13,4.52,2335.42,351,0.55,0.23,500.0
CUST_1200,7,2.93,964.93,261,0.02,0.02,11947.83
CUST_1201,27,2.66,1960.09,127,0.65,0.24,13362.07
CUST_1202,57,0.53,2987.48,352,0.68,0.16,500.0
CUST_1203,39,5.15,2373.59,120,0.18,0.23,59973.68
CUST_1204,45,4.61,2001.97,73,0.46,0.28,34807.32
CUST_1205,9,1.98,2870.86,19,0.25,0.01,52551.02
CUST_1206,34,3.14,1885.94,298,0.65,0.14,7776.94
CUST_1207,24,2.08,2476.67,251,0.28,0.3,500.0
CUST_1208,9,4.74,1858.53,346,0.32,0.27,500.0
CUST_1209,30,5.3,1918.44,160,0.28,0.37,32891.12
CUST_1210,47,3.65,2844.67,18,0.23,0.36,55205.79
CUST_1211,32,1.54,882.07,129,0.41,0.14,11754.46
CUST_1212,43,4.76,2790.39,157,0.33,0.36,40576.33
CUST_1213,52,1.62,2947.84,142,0.35,0.02,13748.86
CUST_1214,57,4.93,2725.59,259,0.47,0.05,22554.47
CUST_1215,48,4.81,2801.65,284,0.62,0.16,18583.98
CUST_1216,37,5.21,1947.38,319,0.31,0.22,4281.79
CUST_1217,10,2.04,2319.15,354,0.69,0.03,500.0
CUST_1218,18,0.77,2137.2,152,0.52,0.33,6991.69
CUST_1219,10,3.47,2715.07,359,0.28,0.22,500.0
CUST_1220,4,0.75,1475.41,303,0.41,0.21,500.0
CUST_1221,44,1.98,1198.78,300,0.43,0.07,500.0
CUST_1222,8,2.68,1010.13,263,0.49,0.27,1324.35
CUST_1223,55,2.29,2489.87,214,0.41,0.16,22349.54
CUST_1224,33,3.23,2700.36,217,0.37,0.05,31094.42
CUST_1225,46,3.45,503.03,341,0.06,0.19,2417.33
CUST_1226,43,0.91,2497.16,346,0.07,0.39,7917.95
CUST_1227,14,1.99,936.11,26,0.53,0.39,2488.06
CUST_1228,57,5.67,2688.32,235,0.04,0.09,51205.76
CUST_1229,49,2.48,2517.43,205,0.06,0.25,21485.47
CUST_1230,56,3.01,2159.29,264,0.64,0.1,6348.39
CUST_1231,52,2.13,1562.81,131,0.24,0.07,15097.64
CUST_1232,54,3.13,1258.56,82,0.22,0.1,32445.06
CUST_1233,48,1.27,2248.29,25,0.66,0.3,500.0
CUST_1234,46,2.67,1458.78,308,0.06,0.19,12624.98
CUST_1235,30,2.87,715.57,248,0.54,0.34,2580.23
CUST_1236,27,3.49,941.49,47,0.02,0.14,17985.19
CUST_1237,38,2.32,2774.2,193,0.11,0.23,25415.97
CUST_1238,48,4.95,1470.36,184,0.27,0.02,27035.12
CUST_1239,16,5.69,1992.78,75,0.44,0.2,49073.54
CUST_1240,23,2.7,2322.94,355,0.39,0.33,3723.7
CUST_1241,53,3.37,2103.27,128,0.22,0.27,28100.79
CUST_1242,12,2.87,2819.75,304,0.45,0.17,11654.96
CUST_1243,59,3.04,406.85,257,0.7,0.35,500.0
CUST_1244,11,4.96,2959.85,80,0.15,0.06,114330.31
CUST_1245,12,0.66,502.7,248,0.2,0.12,2694.26
CUST_1246,40,3.55,1084.64,224,0.16,0.38,9357.37
CUST_1247,4,1.14,868.31,108,0.45,0.07,5206.99
CUST_1248,56,0.54,1155.42,14,0.56,0.16,4645.06
CUST_1249,33,0.7,2914.86,309,0.64,0.05,5791.72
CUST_1250,34,2.35,1578.68,181,0.04,0.34,6887.89
CUST_1251,29,4.63,2605.65,148,0.58,0.34,33750.96
CUST_1252,31,1.6,1473.48,343,0.29,0.36,811.1
CUST_1253,40,4.19,1409.31,213,0.01,0.04,38818.58
CUST_1254,32,1.28,1187.85,356,0.53,0.21,500.0
CUST_1255,26,0.73,2708.4,54,0.54,0.26,7724.62
CUST_1256,1,2.0,2062.87,331,0.38,0.0,500.0
CUST_1257,18,3.03,1800.66,79,0.24,0.31,30533.9
CUST_1258,38,3.44,1882.31,61,0.1,0.3,37148.82
CUST_1259,8,2.03,1078.02,329,0.15,0.3,6859.69
CUST_1260,41,0.7,1419.49,196,0.28,0.27,4955.75
CUST_1261,44,1.36,2277.12,222,0.1,0.21,9815.58
CUST_1262,35,2.56,752.66,103,0.27,0.39,7171.89
CUST_1263,5,4.23,1059.88,69,0.66,0.06,14509.13
CUST_1264,29,5.51,585.87,256,0.63,0.0,1412.25
CUST_1265,46,2.59,1372.4,217,0.04,0.18,13678.6
CUST_1266,58,1.97,908.9,42,0.29,0.3,5742.31
CUST_1267,56,1.2,2102.83,148,0.59,0.14,7208.95
CUST_1268,18,2.06,402.62,68,0.39,0.22,9544.25
CUST_1269,2,1.85,1280.43,181,0.26,0.31,11630.61
CUST_1270,4,1.92,2330.29,180,0.35,0.21,13793.89
CUST_1271,22,5.49,1942.03,72,0.65,0.32,22796.19
CUST_1272,20,4.36,756.89,212,0.54,0.1,10237.09
CUST_1273,16,2.08,1448.64,353,0.13,0.27,500.0
CUST_1274,17,1.3,358.69,165,0.44,0.17,4851.37
CUST_1275,17,5.08,2600.31,25,0.06,0.2,105792.28
CUST_1276,16,4.53,399.42,352,0.17,0.24,500.0
CUST_1277,28,3.84,2969.05,326,0.02,0.01,17681.1
CUST_1278,35,0.79,1280.95,165,0.57,0.25,5299.51
CUST_1279,12,1.88,1114.32,268,0.51,0.17,500.0
CUST_1280,25,4.83,2566.41,61,0.39,0.15,73090.4
CUST_1281,40,2.25,1923.76,63,0.15,0.12,29879.65
CUST_1282,24,1.55,848.21,175,0.17,0.25,13013.63
CUST_1283,46,4.42,948.29,196,0.44,0.0,15797.7
CUST_1284,36,5.62,2603.28,96,0.03,0.13,104769.76
CUST_1285,51,3.97,1055.61,38,0.3,0.12,26989.32
CUST_1286,2,5.41,1167.14,197,0.16,0.12,22214.78
CUST_1287,14,4.43,1382.56,168,0.1,0.09,30424.85
CUST_1288,10,3.77,1709.01,353,0.52,0.16,500.0
CUST_1289,42,1.27,1686.86,126,0.08,0.35,5586.11
CUST_1290,28,5.18,392.25,185,0.25,0.26,5947.75
CUST_1291,29,2.69,1915.57,242,0.31,0.22,9799.23
CUST_1292,53,2.07,908.6,339,0.51,0.16,500.0
CUST_1293,4,5.43,2290.23,267,0.17,0.17,28476.8
CUST_1294,17,2.84,1507.72,129,0.25,0.24,20558.94
CUST_1295,49,5.61,1707.41,309,0.21,0.15,14996.65
CUST_1296,46,5.48,752.74,193,0.44,0.16,13368.58
CUST_1297,49,5.57,2161.62,353,0.01,0.33,1115.76
CUST_1298,52,4.57,2789.35,318,0.45,0.03,9547.87
CUST_1299,28,1.35,2202.24,360,0.66,0.19,500.0
CUST_1300,39,5.02,2098.41,288,0.58,0.01,19059.72
CUST_1301,4,1.56,2332.09,202,0.35,0.09,11689.68
CUST_1302,43,1.83,2377.37,98,0.39,0.04,14605.27
CUST_1303,56,2.26,413.89,251,0.23,0.39,2307.74
CUST_1304,53,0.65,768.03,313,0.34,0.26,2968.55
CUST_1305,38,4.35,2033.68,281,0.59,0.16,3232.37
CUST_1306,17,0.94,2548.45,160,0.26,0.16,7158.59
CUST_1307,59,5.34,409.3,52,0.02,0.04,14219.73
CUST_1308,51,1.83,2695.14,80,0.66,0.16,16052.88
CUST_1309,16,4.82,2204.39,226,0.02,0.17,39540.91
CUST_1310,55,2.73,1881.16,71,0.25,0.09,38570.5
CUST_1311,52,4.65,2469.48,311,0.55,0.3,10900.87
CUST_1312,45,3.66,921.75,331,0.46,0.1,9401.73
CUST_1313,48,2.45,1230.5,136,0.24,0.24,15654.14
CUST_1314,13,4.1,2213.91,189,0.23,0.11,38125.1
CUST_1315,45,1.24,2672.6,279,0.22,0.01,6194.56
CUST_1316,9,2.32,580.33,120,0.63,0.08,500.0
CUST_1317,5,3.07,821.41,139,0.36,0.27,8589.59
CUST_1318,12,4.53,1283.4,260,0.25,0.12,14633.08
CUST_1319,2,2.2,881.08,10,0.08,0.17,21153.68
CUST_1320,58,3.14,982.0,295,0.03,0.3,5193.21
CUST_1321,39,4.67,2315.21,237,0.05,0.29,26721.16
CUST_1322,5,5.62,2659.71,48,0.54,0.1,66001.87
CUST_1323,30,2.25,542.57,239,0.34,0.03,1218.12
CUST_1324,34,5.59,1087.73,60,0.38,0.01,41675.57
CUST_1325,55,3.58,2114.58,176,0.32,0.07,25587.89
CUST_1326,50,3.14,966.81,285,0.33,0.39,4730.92
CUST_1327,48,0.93,1329.52,299,0.18,0.08,774.85
CUST_1328,12,4.7,2690.57,73,0.62,0.03,39803.99
CUST_1329,23,1.09,928.54,38,0.59,0.22,500.0
CUST_1330,57,2.14,2996.42,356,0.06,0.32,5360.78
CUST_1331,34,2.19,992.63,255,0.16,0.28,7756.75
CUST_1332,22,3.25,856.52,213,0.37,0.25,8935.18
CUST_1333,37,5.42,2021.54,92,0.12,0.31,52270.7
CUST_1334,38,1.02,361.02,33,0.07,0.32,2507.64
CUST_1335,16,3.48,2919.48,153,0.01,0.29,43562.29
CUST_1336,15,2.24,1383.24,113,0.35,0.36,7874.93
CUST_1337,22,2.76,2782.86,92,0.29,0.21,36528.78
CUST_1338,44,1.35,1633.15,59,0.52,0.03,15345.09
CUST_1339,36,4.12,1604.8,47,0.55,0.11,31639.27
CUST_1340,47,4.61,1051.37,127,0.25,0.37,13059.49
CUST_1341,59,2.1,1370.72,313,0.24,0.31,4168.0
CUST_1342,8,2.57,2696.4,126,0.25,0.08,37947.77
CUST_1343,32,3.85,755.54,77,0.67,0.04,9929.8
CUST_1344,15,4.71,1842.05,352,0.37,0.27,9449.16
CUST_1345,19,3.07,1834.47,335,0.28,0.15,8913.86
CUST_1346,12,4.01,1999.92,155,0.02,0.08,53342.46
CUST_1347,14,5.89,2533.38,188,0.09,0.01,86698.97
CUST_1348,59,4.82,2836.09,271,0.41,0.05,26385.07
CUST_1349,15,2.63,2748.55,269,0.52,0.06,10168.95
CUST_1350,20,5.34,969.42,87,0.01,0.3,31003.39
CUST_1351,38,5.38,1931.98,162,0.3,0.23,34534.05
CUST_1352,41,0.57,1508.92,243,0.07,0.26,500.0
CUST_1353,16,5.4,2168.23,277,0.06,0.12,31046.17
CUST_1354,6,5.64,2525.41,173,0.23,0.15,58064.14
CUST_1355,19,2.9,1159.14,211,0.34,0.02,13145.36
CUST_1356,17,4.15,1567.5,210,0.11,0.12,25757.54
CUST_1357,9,2.69,2878.53,138,0.63,0.07,17993.66
CUST_1358,4,5.15,1353.59,5,0.2,0.04,63270.84
CUST_1359,25,4.12,2062.3,87,0.55,0.22,31905.15
CUST_1360,52,0.79,590.01,244,0.45,0.32,500.0
CUST_1361,28,0.9,2838.6,271,0.14,0.38,5340.03
CUST_1362,39,4.83,2705.21,204,0.07,0.3,43855.86
CUST_1363,17,1.3,2441.49,259,0.6,0.17,10667.15
CUST_1364,31,1.97,2563.79,362,0.59,0.15,500.0
CUST_1365,2,0.66,613.57,225,0.54,0.07,500.0
CUST_1366,42,3.01,2285.95,231,0.68,0.14,4208.03
CUST_1367,58,0.61,522.22,353,0.05,0.28,1046.15
CUST_1368,41,4.34,2943.7,114,0.13,0.29,60197.93
CUST_1369,7,1.13,1401.4,268,0.29,0.38,500.0
CUST_1370,57,2.2,1179.12,357,0.12,0.22,1008.19
CUST_1371,54,2.68,2124.94,64,0.18,0.1,45364.37
CUST_1372,50,3.63,1522.78,340,0.17,0.36,500.0
CUST_1373,42,4.31,1527.92,214,0.21,0.36,15277.16
CUST_1374,30,1.46,2159.51,152,0.06,0.21,17613.68
CUST_1375,40,3.19,2770.0,290,0.07,0.22,19294.44
CUST_1376,35,4.57,784.53,33,0.07,0.16,32731.79
CUST_1377,56,3.98,1338.58,86,0.54,0.37,12767.51
CUST_1378,59,1.35,1370.52,26,0.21,0.18,18663.69
CUST_1379,6,5.79,2554.45,111,0.7,0.25,31684.31
CUST_1380,24,1.29,2707.69,30,0.54,0.28,14859.12
CUST_1381,56,4.5,740.45,5,0.67,0.39,7458.89
CUST_1382,29,3.26,2920.89,101,0.45,0.22,35668.38
CUST_1383,47,3.34,963.64,289,0.63,0.39,500.0
CUST_1384,35,3.23,1531.49,350,0.39,0.18,6401.22
CUST_1385,30,1.62,1239.16,28,0.45,0.15,6195.26
CUST_1386,16,5.08,2047.91,295,0.47,0.28,4659.76
CUST_1387,19,3.54,1510.91,283,0.14,0.29,613.08
CUST_1388,12,2.76,1383.83,301,0.3,0.25,500.0
CUST_1389,9,4.7,766.12,10,0.4,0.4,18291.43
CUST_1390,33,2.87,2094.56,114,0.18,0.15,35391.18
CUST_1391,53,5.35,1741.49,225,0.35,0.31,15248.08
CUST_1392,8,5.41,1869.3,330,0.51,0.32,500.0
CUST_1393,45,4.87,897.78,21,0.62,0.1,18916.2
CUST_1394,37,5.53,855.62,107,0.06,0.25,31692.21
CUST_1395,23,4.62,1572.94,100,0.66,0.3,14494.48
CUST_1396,6,5.31,1016.38,115,0.35,0.34,13728.45
CUST_1397,8,5.07,416.97,190,0.49,0.29,1518.4
CUST_1398,14,4.95,1986.7,251,0.53,0.07,14966.3
CUST_1399,34,4.0,485.55,275,0.28,0.29,4898.92
CUST_1400,36,2.2,1150.73,2,0.13,0.22,23233.69
CUST_1401,59,4.48,2725.78,3,0.7,0.32,36954.07
CUST_1402,12,2.66,931.9,234,0.7,0.02,6028.12
CUST_1403,20,3.58,2469.98,310,0.17,0.3,8993.73
CUST_1404,26,0.67,2612.01,248,0.65,0.07,4117.57
CUST_1405,22,2.9,723.39,316,0.28,0.11,2576.69
CUST_1406,22,2.73,2971.99,174,0.2,0.11,39211.34
CUST_1407,19,4.55,1642.81,349,0.45,0.12,3177.09
CUST_1408,50,2.18,523.62,102,0.6,0.06,8257.96
CUST_1409,59,3.35,998.57,309,0.57,0.21,3876.48
CUST_1410,11,1.14,768.03,61,0.45,0.15,937.36
CUST_1411,14,3.04,2397.35,107,0.29,0.26,33386.6
CUST_1412,3,4.91,823.88,302,0.3,0.32,10817.75
CUST_1413,6,3.99,2273.39,300,0.5,0.09,6143.19
CUST_1414,9,1.78,601.55,357,0.52,0.3,2407.98
CUST_1415,35,0.61,2075.64,358,0.29,0.24,500.0
CUST_1416,22,3.76,429.45,220,0.19,0.17,5434.2
CUST_1417,59,5.02,2100.84,191,0.36,0.32,23730.06
CUST_1418,30,0.6,555.95,232,0.5,0.14,500.0
CUST_1419,25,3.9,1728.0,48,0.34,0.08,41070.42
CUST_1420,41,2.8,390.2,281,0.51,0.23,2443.05
CUST_1421,49,1.78,928.32,363,0.68,0.1,758.86
CUST_1422,23,0.98,2542.85,271,0.04,0.12,1528.83
CUST_1423,16,5.06,1767.69,94,0.39,0.19,38436.95
CUST_1424,7,1.28,484.94,72,0.65,0.05,1362.44
CUST_1425,56,0.64,1718.67,17,0.53,0.34,7429.7
CUST_1426,53,1.87,1948.06,287,0.69,0.29,3856.79
CUST_1427,2,1.17,2159.98,350,0.6,0.34,6438.32
CUST_1428,37,1.04,985.45,192,0.59,0.2,500.0
CUST_1429,13,4.27,2318.33,359,0.64,0.05,500.0
CUST_1430,2,0.61,913.38,41,0.62,0.3,8195.77
CUST_1431,8,1.09,2141.53,230,0.42,0.0,5240.7
CUST_1432,54,5.7,1099.69,206,0.29,0.16,11384.56
CUST_1433,50,0.73,881.54,220,0.28,0.18,500.0
CUST_1434,21,5.7,976.18,125,0.52,0.06,20240.48
CUST_1435,45,2.13,2503.5,13,0.28,0.04,42474.71
CUST_1436,19,1.49,865.91,187,0.22,0.05,4787.44
CUST_1437,31,4.66,912.36,80,0.01,0.14,34752.95
CUST_1438,24,4.4,1601.01,228,0.43,0.34,9180.92
CUST_1439,53,3.06,2459.66,276,0.11,0.05,22927.81
CUST_1440,46,2.71,1710.75,174,0.32,0.32,20987.34
CUST_1441,2,4.49,1540.41,157,0.5,0.29,14232.1
CUST_1442,36,2.96,643.52,110,0.34,0.07,5631.95
CUST_1443,24,5.97,1534.65,301,0.47,0.34,4036.65
CUST_1444,18,5.51,1175.88,122,0.39,0.01,32500.88
CUST_1445,29,2.64,772.84,205,0.27,0.23,768.76
CUST_1446,20,3.27,1608.17,95,0.58,0.32,17622.75
CUST_1447,43,3.69,678.13,60,0.16,0.31,18218.86
CUST_1448,30,0.94,1350.74,89,0.37,0.11,5095.4
CUST_1449,28,0.6,1856.84,71,0.45,0.23,5680.29
CUST_1450,18,1.76,1512.26,343,0.26,0.2,500.0
CUST_1451,17,5.32,1082.28,116,0.13,0.01,36232.64
CUST_1452,17,0.78,487.05,231,0.05,0.32,10949.33
CUST_1453,50,5.16,1084.44,215,0.14,0.25,20163.07
CUST_1454,40,5.56,2722.99,18,0.1,0.1,139021.25
CUST_1455,51,1.61,416.43,35,0.34,0.26,2783.27
CUST_1456,53,2.78,1990.2,219,0.35,0.19,11076.88
CUST_1457,22,2.72,1835.11,164,0.47,0.22,17210.15
CUST_1458,57,2.82,1810.68,115,0.39,0.17,18894.52
CUST_1459,54,4.36,2902.56,103,0.14,0.1,81637.81
CUST_1460,39,2.31,1251.28,169,0.11,0.29,13885.67
CUST_1461,11,1.92,2613.27,110,0.6,0.14,20151.54
CUST_1462,47,1.09,2450.69,323,0.06,0.06,7712.71
CUST_1463,54,3.88,2961.9,87,0.18,0.01,87205.64
CUST_1464,26,1.25,2369.19,66,0.46,0.24,15754.18
CUST_1465,14,1.34,1786.36,12,0.45,0.36,5076.59
CUST_1466,48,2.89,2826.75,298,0.41,0.16,8045.7
CUST_1467,53,2.06,1114.52,154,0.65,0.39,5825.24
CUST_1468,26,1.35,725.5,302,0.51,0.35,8645.33
CUST_1469,42,2.01,2119.14,124,0.31,0.32,19741.4
CUST_1470,56,4.94,1841.95,133,0.15,0.39,36016.95
CUST_1471,38,3.04,2448.7,202,0.56,0.18,9075.48
CUST_1472,35,2.17,1805.07,41,0.58,0.04,20032.38
CUST_1473,40,2.76,868.48,22,0.19,0.01,20746.58
CUST_1474,16,5.96,2567.81,285,0.66,0.16,15316.64
CUST_1475,15,1.42,1132.12,353,0.01,0.33,500.0
CUST_1476,34,1.3,1574.15,203,0.01,0.25,14348.85
CUST_1477,47,1.84,1028.35,348,0.23,0.12,2745.98
CUST_1478,28,2.78,2663.19,250,0.1,0.25,23583.34
CUST_1479,56,3.42,2231.64,329,0.3,0.12,6404.93
CUST_1480,17,2.22,786.24,83,0.01,0.18,10676.87
CUST_1481,19,3.24,640.62,117,0.03,0.37,5948.52
CUST_1482,9,2.21,1656.02,216,0.43,0.11,11964.06
CUST_1483,50,0.75,2319.98,178,0.61,0.3,500.0
CUST_1484,14,5.8,1085.76,158,0.57,0.3,12925.77
CUST_1485,1,0.78,954.87,54,0.29,0.22,8579.14
CUST_1486,17,0.68,2553.65,364,0.4,0.12,5861.34
CUST_1487,1,3.92,1998.68,286,0.16,0.34,14671.67
CUST_1488,26,2.45,2366.29,158,0.42,0.06,23565.09
CUST_1489,48,3.71,304.38,63,0.01,0.27,9528.26
CUST_1490,13,5.15,697.1,88,0.38,0.22,11019.31
CUST_1491,37,3.53,1314.2,96,0.08,0.23,33562.05
CUST_1492,18,2.12,646.31,322,0.22,0.15,4877.67
CUST_1493,34,2.8,1114.91,73,0.47,0.37,3515.75
CUST_1494,40,1.51,2242.69,141,0.26,0.21,17624.82
CUST_1495,11,4.67,547.95,333,0.61,0.21,1072.8
CUST_1496,3,5.99,1492.47,170,0.46,0.39,14827.83
CUST_1497,28,0.93,2742.79,222,0.04,0.11,11294.1
CUST_1498,15,0.64,2128.84,37,0.58,0.3,4830.0
CUST_1499,53,5.14,1895.95,349,0.4,0.19,2555.8
