distance_km,num_items,order_value,time_of_day_bucket,traffic_level,rider_experience_months,delivery_time_min
14.34,1,263.5,1,3,9,59.6
13.63,1,112.7,1,2,34,55.1
2.4,7,692.11,0,2,32,20.3
5.29,7,874.21,2,3,4,37.2
9.92,3,608.59,0,2,6,45.5
2.73,3,749.15,2,1,18,24.9
6.74,5,1276.0,1,2,18,34.6
7.32,1,165.09,0,1,26,32.0
1.21,4,592.01,0,2,3,18.9
5.2,1,104.8,1,1,23,24.1
6.0,8,1167.87,1,3,27,30.7
2.96,1,86.08,0,1,28,16.1
12.87,8,1425.07,2,2,18,58.6
13.97,5,557.07,0,1,30,56.5
7.81,9,1503.4,1,1,25,32.3
0.87,5,695.73,1,2,19,20.7
11.9,6,1430.16,0,2,5,43.6
1.7,3,812.29,0,1,22,11.2
5.13,6,556.86,1,3,32,30.5
5.07,7,1434.79,2,3,9,43.3
12.88,4,553.34,1,3,19,50.6
8.68,4,809.48,2,2,26,44.3
5.01,4,426.69,1,1,4,23.6
13.12,4,557.85,1,3,5,62.8
3.36,9,2175.54,0,2,30,26.2
10.64,8,1746.42,2,2,14,51.6
10.44,6,1657.32,0,1,6,43.0
1.13,1,107.67,0,2,27,10.0
5.92,7,1942.42,2,2,11,42.0
12.29,4,335.23,0,2,16,47.0
3.27,2,356.17,1,3,7,23.8
4.34,3,698.13,2,3,12,43.9
0.85,3,284.68,2,3,25,20.3
2.31,9,2416.33,1,2,25,25.5
6.22,7,1133.97,1,3,21,38.9
3.23,3,470.3,1,1,29,13.1
11.42,5,1051.03,2,1,26,49.5
4.22,2,281.07,2,3,28,29.8
7.58,4,652.64,1,2,33,36.1
5.9,5,620.21,1,2,32,29.2
2.02,2,293.86,0,3,33,26.7
3.93,1,142.93,0,3,25,22.6
3.16,1,151.58,0,2,15,22.1
4.42,6,1036.29,0,1,20,20.5
8.86,7,1293.99,2,1,5,50.6
5.67,2,460.03,2,1,33,35.3
13.3,8,1598.0,1,3,9,58.3
5.52,4,435.02,2,3,32,35.2
11.62,1,260.57,1,2,19,48.5
4.4,4,497.71,1,3,31,27.8
12.85,5,1174.29,1,3,23,50.1
6.45,5,1128.97,2,2,7,43.7
11.19,5,1484.72,0,1,16,44.8
8.65,2,582.78,1,2,12,42.4
9.79,4,1164.71,2,3,21,54.8
10.27,9,2020.28,0,2,22,37.3
4.98,6,1767.03,2,3,8,34.3
10.05,3,445.38,1,1,12,38.4
3.12,8,2282.85,0,1,16,21.6
10.91,1,236.63,0,3,11,51.7
5.29,7,2061.7,1,2,34,20.3
1.57,9,982.77,1,2,15,20.4
4.04,9,2452.95,0,1,7,24.7
6.19,3,442.39,2,1,7,40.3
0.5,8,1852.37,2,3,17,33.0
12.55,5,1103.28,0,3,28,54.0
5.66,3,544.73,2,3,10,44.4
1.98,8,741.51,2,1,20,30.5
6.44,1,181.44,1,3,15,31.5
9.66,3,525.42,1,1,8,44.9
7.37,7,1471.52,2,3,19,37.5
6.0,3,717.26,1,1,21,32.5
12.97,1,267.09,1,1,28,48.1
5.91,4,1133.03,2,1,9,31.5
7.62,7,1240.7,0,2,20,46.2
5.79,3,762.91,1,1,28,21.0
12.56,1,209.99,0,2,6,63.2
9.27,1,132.42,2,1,21,27.7
11.85,4,805.2,0,1,26,47.4
6.61,5,419.39,1,2,14,28.9
10.17,1,164.44,2,1,26,50.6
12.38,8,1583.13,1,2,21,43.4
10.48,4,380.38,1,3,8,45.1
3.89,6,1661.33,2,1,15,28.1
13.12,2,367.64,2,3,19,69.4
12.61,5,1252.37,2,1,13,60.1
6.28,2,369.94,1,3,5,39.8
6.19,1,204.42,0,1,27,27.9
3.69,9,1686.19,2,3,18,34.9
10.71,4,1128.75,1,3,25,50.0
9.25,8,2268.67,1,2,15,41.2
6.42,7,1585.98,1,2,28,38.4
9.0,2,570.6,1,3,20,47.4
11.98,9,2385.21,1,2,27,60.0
9.87,2,329.98,2,1,29,49.8
13.63,9,1624.07,2,2,17,54.1
13.76,3,259.3,2,3,35,59.0
9.47,6,580.77,0,2,4,47.8
5.33,8,1793.83,0,1,25,28.3
1.58,6,1098.91,2,1,7,17.1
2.45,4,941.7,1,2,4,24.3
3.12,9,1706.88,2,2,15,29.4
8.47,1,212.57,2,2,35,39.6
5.54,1,217.75,1,1,30,27.1
14.79,5,1277.33,0,1,21,51.7
6.14,8,1835.54,1,1,10,29.9
7.95,6,533.49,2,2,34,44.2
4.48,7,1570.54,2,1,15,30.2
3.07,7,600.91,0,1,9,29.8
0.64,8,2027.54,0,2,15,15.8
5.44,7,629.28,0,1,1,36.9
1.33,1,268.46,1,2,11,10.0
2.55,9,1910.85,1,1,15,17.9
6.02,7,1493.71,2,3,13,35.2
10.46,1,270.75,0,3,35,37.2
4.19,5,1043.12,0,1,32,13.9
2.78,9,2320.94,0,3,1,26.4
1.35,2,302.32,1,2,17,12.4
14.78,8,1529.7,2,2,14,66.7
5.44,8,1207.14,1,2,21,23.5
14.66,1,133.59,1,3,25,66.3
7.56,7,1203.12,2,1,5,50.4
9.98,3,356.12,0,3,24,43.6
8.78,6,738.83,1,1,17,38.6
8.91,4,1189.06,0,3,29,35.0
4.73,3,341.07,2,3,2,34.9
13.0,8,999.32,2,1,14,52.0
10.28,7,763.43,0,3,10,56.4
14.16,1,175.39,0,3,6,62.8
9.2,8,781.16,2,2,24,48.0
13.22,9,1063.14,1,1,16,54.6
4.2,6,1749.44,0,1,9,24.8
1.42,5,711.03,0,2,16,22.5
2.38,9,1743.59,2,2,33,23.5
2.23,7,1837.98,0,3,30,26.3
1.41,9,1230.91,0,3,2,39.1
12.88,9,1397.75,0,3,7,57.6
5.81,2,190.54,2,2,31,35.1
9.62,8,1170.69,2,3,34,53.6
11.45,9,2116.55,0,2,22,48.9
1.17,6,1516.49,2,2,8,28.6
4.37,9,724.45,2,3,23,31.7
10.25,5,803.05,1,1,9,40.2
10.41,9,1943.46,2,2,22,53.0
1.43,6,668.55,0,2,15,25.8
13.24,7,1096.18,0,3,7,62.1
5.47,6,929.91,1,1,11,33.5
9.89,8,2177.18,2,2,18,45.5
0.85,8,1226.39,2,1,10,25.7
3.37,1,286.94,1,2,5,17.6
14.74,6,893.25,2,1,35,53.2
10.12,3,685.89,2,2,15,49.3
10.29,8,2108.13,1,1,15,39.6
2.23,5,1358.71,0,1,17,22.7
4.05,5,992.43,2,3,33,32.2
1.25,5,729.73,1,2,19,15.3
7.34,5,1490.8,0,1,30,36.8
13.43,9,1301.32,1,1,5,61.3
11.88,2,535.39,2,1,24,69.9
0.95,6,1734.77,2,2,25,22.2
11.89,7,1626.02,1,1,34,39.8
12.16,4,974.83,1,3,17,51.1
4.05,7,588.91,1,3,20,32.9
0.55,8,995.35,2,2,8,24.0
1.55,1,89.2,2,3,2,31.5
7.95,5,1498.92,2,1,27,50.8
1.2,9,984.81,1,1,1,15.0
5.75,5,527.57,0,1,33,22.1
11.64,1,194.94,0,3,21,51.3
4.71,5,1156.78,0,2,26,21.4
5.37,9,2105.81,1,3,1,33.4
7.57,2,272.01,1,2,12,32.0
14.77,6,1733.48,2,3,3,73.7
13.51,4,684.58,2,1,26,57.9
0.74,3,431.29,1,1,34,16.8
5.75,1,151.67,0,3,15,33.1
2.44,8,1442.1,2,1,2,29.7
9.35,4,516.18,2,3,26,50.5
0.77,8,988.23,0,3,6,23.6
1.68,7,984.31,1,1,13,21.6
2.17,9,2206.07,2,3,10,22.5
11.99,5,677.72,1,2,14,49.3
14.38,4,972.4,2,1,29,49.1
3.32,3,582.54,1,2,1,33.9
8.75,8,2248.02,1,1,33,32.6
6.66,7,851.77,2,2,25,45.1
8.23,5,546.19,0,1,26,37.7
0.62,6,1235.82,2,2,7,28.8
14.43,9,1080.72,1,2,13,54.4
3.24,2,165.83,2,1,3,29.1
12.52,3,883.87,0,3,34,53.8
13.66,5,1128.95,0,1,11,58.2
9.82,2,510.53,2,2,17,39.3
4.43,9,1232.9,1,2,30,30.2
3.03,3,857.41,0,3,34,19.8
12.6,1,141.71,2,3,17,57.7
6.07,9,1134.77,2,3,9,44.5
9.25,3,873.81,1,1,1,39.5
0.94,1,225.87,2,3,22,19.6
12.67,9,1850.04,1,2,1,53.4
13.15,4,1170.89,2,1,11,47.0
9.1,2,506.87,0,2,32,42.7
8.04,6,1364.22,1,3,25,40.4
5.43,1,157.21,1,3,15,24.4
12.04,6,541.35,0,3,26,48.9
9.39,8,1004.79,1,1,10,45.4
5.07,1,243.26,2,1,21,28.7
1.66,9,2011.17,1,2,21,13.8
3.34,9,2606.68,2,2,29,32.4
5.36,8,2247.73,2,1,17,35.6
14.78,5,1357.49,0,3,23,63.8
2.45,3,845.38,1,1,9,26.0
9.99,9,1471.43,0,3,1,56.4
4.5,9,2103.5,0,1,15,27.9
0.7,6,779.42,2,2,20,20.5
11.97,2,299.91,0,1,6,47.0
5.96,8,2021.29,1,3,7,40.9
12.97,2,177.31,1,2,33,45.3
4.85,2,556.29,2,3,12,41.4
1.23,6,1128.56,2,3,15,32.2
0.98,4,329.99,2,3,31,24.9
10.1,4,1000.62,1,3,21,49.8
6.42,6,1695.1,2,3,12,35.8
5.96,2,430.55,0,1,27,26.3
9.52,7,794.29,2,3,31,37.8
3.17,4,361.25,1,2,2,25.9
11.5,4,830.14,1,2,15,54.2
13.89,3,727.94,2,3,2,73.8
8.11,6,724.14,2,3,16,48.6
9.09,2,410.35,2,3,14,40.0
3.2,3,277.3,1,1,26,17.4
5.2,4,429.81,0,1,23,26.5
10.97,2,468.36,2,3,29,53.5
10.99,4,1111.59,1,1,30,44.0
13.36,2,262.59,0,2,34,52.6
10.81,6,1214.61,1,1,30,50.4
6.61,7,1034.52,2,2,22,34.2
3.16,8,1444.9,1,2,16,30.1
5.5,1,110.77,1,1,6,32.6
5.7,3,475.58,1,2,34,22.7
12.78,8,1888.69,0,1,31,57.0
10.75,9,1094.47,2,2,35,51.4
14.5,6,1336.67,1,3,18,64.2
6.61,8,1891.97,2,1,24,47.4
2.45,2,558.93,0,1,9,23.1
12.67,4,423.91,0,1,25,50.0
10.22,7,1368.61,0,3,16,51.2
10.55,4,456.17,2,3,24,54.2
13.56,5,965.67,2,2,11,57.6
8.54,1,167.18,0,3,16,46.0
3.15,5,889.2,1,2,33,21.9
14.3,2,472.09,2,2,2,62.6
4.27,3,688.3,1,1,20,22.2
14.44,3,660.62,0,3,32,57.6
1.06,9,2654.27,1,3,28,19.0
2.55,4,576.41,0,1,4,22.5
7.9,1,94.83,0,1,17,28.7
14.25,2,338.83,1,3,10,54.3
6.03,6,1221.04,1,1,5,24.9
1.97,8,671.77,2,3,25,31.2
3.64,2,395.23,2,2,4,29.7
11.65,5,694.92,1,3,6,51.9
1.96,2,390.86,2,2,7,20.3
14.07,8,1855.9,0,3,18,59.8
1.35,4,586.23,0,2,11,18.7
11.77,1,120.02,1,1,9,49.2
2.25,4,399.8,1,3,16,21.3
10.14,5,715.33,2,2,1,56.8
14.9,5,1429.45,0,3,12,64.0
12.25,8,2056.37,2,2,6,68.1
3.38,3,798.64,2,1,25,32.6
11.97,2,555.28,2,3,4,56.7
4.02,2,513.64,0,1,2,32.8
1.68,4,419.14,0,3,19,22.6
4.85,2,594.82,1,3,17,24.4
1.47,1,129.53,1,1,31,12.6
2.26,7,1500.35,1,2,12,21.4
13.3,2,191.0,1,2,1,53.9
14.34,7,1070.65,0,1,4,48.9
11.43,1,208.87,0,1,8,43.4
14.45,5,1086.7,2,3,30,69.6
12.39,7,2072.71,2,1,9,49.2
5.57,3,399.72,0,1,31,21.5
12.67,7,1970.94,2,3,35,59.6
2.07,4,853.31,2,3,9,29.8
4.08,9,1854.09,2,2,35,30.1
11.07,9,2281.22,1,2,24,43.3
3.94,4,955.09,2,2,2,36.9
6.67,6,1155.06,1,3,11,30.8
5.75,4,1115.07,1,1,31,25.2
11.78,1,107.44,1,1,31,36.9
2.06,3,761.23,0,2,25,22.6
8.1,5,1477.81,1,2,20,35.8
1.55,6,600.59,1,2,35,14.9
1.52,1,199.72,1,2,10,22.6
3.45,9,1044.32,2,3,30,40.3
8.54,9,818.16,0,2,7,49.8
9.67,9,2237.28,2,1,3,62.1
4.95,6,941.56,0,3,16,28.4
12.75,8,2242.44,0,2,18,64.1
12.61,4,1127.47,0,2,25,48.1
6.78,2,375.95,2,1,34,37.2
7.95,1,155.77,1,1,7,32.7
9.41,3,599.82,2,3,15,48.3
12.19,9,854.73,1,1,32,55.4
7.13,7,871.62,2,3,32,36.9
11.6,7,1285.71,2,3,28,57.6
4.2,1,84.09,2,3,2,41.9
2.88,1,266.21,2,3,11,31.8
12.99,5,405.19,0,1,31,53.5
6.51,5,945.8,0,1,5,37.4
1.23,2,337.7,2,3,32,21.0
3.9,5,1014.9,1,2,7,24.9
8.04,4,1144.24,1,1,4,31.5
9.18,3,370.6,1,3,34,47.7
4.24,8,1222.9,2,2,29,36.4
4.83,3,765.68,0,2,27,21.6
9.21,9,2156.3,0,2,25,45.1
12.82,2,596.4,0,3,19,57.0
13.87,1,107.54,1,1,21,53.2
3.81,5,1163.94,2,1,2,28.6
13.54,6,1044.32,2,1,1,67.9
3.84,9,944.28,1,3,12,30.4
13.33,5,738.29,2,1,18,62.8
1.91,5,828.2,1,3,30,25.0
1.32,8,1708.08,1,2,28,19.4
6.14,8,1270.88,1,2,27,24.2
14.11,5,592.87,1,1,28,48.4
6.55,4,1079.97,1,1,13,34.6
14.16,2,173.79,2,1,9,60.6
9.79,7,1679.0,0,2,26,39.3
6.56,6,1473.31,1,1,2,52.1
8.53,1,174.87,1,3,22,39.6
5.01,5,1081.05,0,2,4,33.2
10.44,6,1796.91,2,1,27,55.5
2.98,8,1430.03,2,1,29,34.4
0.56,9,1014.13,1,3,15,16.2
4.22,7,597.97,1,2,22,32.2
3.53,5,889.09,1,2,29,18.3
2.5,7,1432.06,2,1,31,25.6
6.72,9,1005.78,0,2,24,35.9
6.91,5,1061.98,0,3,11,43.6
9.5,8,1049.62,1,2,26,46.4
4.02,6,717.99,1,1,3,27.4
8.21,7,1049.33,1,2,35,38.6
3.26,7,1125.17,2,3,18,30.2
1.74,8,1439.68,0,3,26,16.4
13.62,6,1534.15,1,1,21,57.7
2.51,9,2535.72,2,2,5,30.9
13.88,7,2012.98,2,1,35,58.2
0.51,9,2076.26,0,3,4,17.3
8.3,7,1538.28,0,2,30,43.7
11.14,5,702.35,1,2,23,49.5
5.06,7,1601.6,0,1,5,31.9
10.5,4,775.88,2,3,6,52.5
7.87,5,1001.63,0,1,10,31.5
12.31,4,437.32,1,1,4,51.3
7.54,8,1736.76,2,1,20,41.6
1.38,2,226.04,0,1,5,22.4
10.1,2,379.04,0,1,20,53.4
5.7,2,208.83,1,1,1,31.6
4.73,3,814.75,0,2,26,24.7
11.11,4,951.6,0,1,15,42.7
10.23,1,277.09,2,3,5,48.5
14.19,1,165.85,2,1,1,53.0
0.87,4,963.18,2,2,11,27.3
7.02,5,675.88,1,2,24,42.4
8.93,2,537.51,1,1,6,34.9
11.78,8,1427.83,2,1,30,57.5
13.64,3,316.7,1,3,2,63.8
7.08,7,1825.01,0,3,9,39.4
7.39,5,582.55,1,2,34,22.7
13.58,1,113.46,0,3,28,53.6
6.57,4,1180.79,0,2,8,37.3
7.91,5,698.57,0,3,28,46.8
1.79,4,544.87,1,2,27,24.4
14.19,4,635.0,0,3,18,56.5
10.31,4,1180.32,1,3,24,48.7
9.3,8,1464.03,2,2,18,46.4
2.03,9,1396.63,2,1,23,22.1
12.47,4,888.97,2,2,18,64.2
8.48,4,1100.34,0,1,34,31.7
5.87,5,755.49,2,3,13,50.0
8.24,3,736.25,1,3,28,44.6
9.52,8,970.97,0,1,1,43.4
0.73,4,471.53,0,3,24,14.6
11.01,5,1199.83,0,2,14,53.1
13.75,3,329.19,0,2,10,63.4
10.91,7,1123.7,0,2,16,41.9
9.76,8,2268.82,0,1,17,48.9
9.49,7,1581.52,0,3,5,52.1
12.8,5,1342.76,1,3,10,62.4
0.56,1,212.11,1,2,3,10.9
1.33,4,945.8,0,1,14,23.0
13.2,4,732.38,1,2,31,54.6
11.86,1,231.93,1,3,29,48.0
4.01,1,109.03,2,1,27,28.4
3.33,3,492.56,1,2,19,27.8
8.14,2,498.97,2,1,17,39.6
13.7,5,1019.44,0,3,1,66.1
3.86,4,334.55,2,2,20,34.0
10.44,6,1368.96,0,2,2,46.2
13.15,8,795.27,1,1,16,58.6
3.0,1,86.3,2,3,6,31.1
4.69,4,623.55,1,1,29,27.5
10.41,2,179.38,1,1,15,43.2
6.48,3,489.6,2,1,16,39.8
9.28,1,180.66,1,3,24,51.5
9.15,9,991.76,1,1,14,41.1
14.45,8,2263.45,2,3,24,68.7
14.73,4,1023.35,1,3,35,67.2
11.02,9,1855.0,0,3,7,61.2
13.11,9,1346.75,2,2,25,59.2
7.7,9,2183.76,0,2,33,28.0
12.98,7,1999.32,0,3,15,53.4
6.23,8,1221.72,1,1,12,34.5
2.33,1,257.85,0,1,23,21.0
14.16,9,926.64,0,1,27,59.1
8.58,5,1473.95,2,1,33,48.3
9.4,4,1184.78,2,2,10,47.3
14.59,4,987.61,0,3,7,56.0
13.78,2,337.69,0,3,5,50.5
7.2,1,241.44,2,2,1,38.6
13.83,1,96.36,1,3,10,49.5
11.06,1,113.31,1,3,3,47.8
8.63,1,192.79,0,3,29,42.9
14.66,8,2128.78,0,1,8,65.5
1.21,4,823.81,2,2,16,27.5
4.32,8,1639.91,1,1,1,24.5
0.65,4,1150.07,1,1,8,10.0
14.21,2,184.58,0,2,8,54.7
6.29,8,1760.3,2,2,3,40.3
13.3,9,2047.93,0,3,15,58.5
13.14,7,1335.68,1,1,16,50.2
4.05,2,283.85,1,2,16,20.5
3.46,4,690.83,0,1,29,22.2
10.7,9,2125.35,1,2,5,56.3
10.26,2,458.83,1,1,35,43.5
3.28,4,826.54,1,2,15,15.8
13.76,4,844.91,0,2,25,55.1
6.47,8,1713.41,0,2,26,29.4
7.02,6,929.35,1,3,23,31.1
6.79,2,299.0,1,1,9,33.7
8.83,4,456.3,0,3,32,41.4
2.05,8,1649.81,1,2,31,28.9
4.05,9,2091.48,0,2,2,24.6
12.38,4,886.5,1,3,3,60.9
9.48,7,1956.56,0,3,5,44.9
10.66,2,239.73,2,3,2,53.7
4.54,6,1739.65,1,1,18,32.4
4.23,8,1045.64,1,1,13,31.1
7.84,9,1546.03,1,2,26,38.9
0.53,2,495.81,0,3,27,16.9
8.84,5,832.6,2,3,21,48.6
14.95,5,1320.84,1,3,19,55.7
14.72,8,869.39,1,3,25,71.4
9.65,4,687.64,1,3,33,43.8
2.27,2,561.76,0,2,15,21.7
10.77,6,1432.71,0,1,30,41.4
7.01,4,840.07,0,1,4,35.6
7.92,4,437.86,0,2,5,31.2
9.42,5,1223.03,0,3,1,39.4
2.65,3,643.87,1,3,23,24.1
1.04,6,852.3,2,3,28,29.6
14.23,5,765.54,1,1,32,66.5
7.32,5,579.86,2,2,25,53.7
6.32,6,1689.44,1,2,1,36.1
12.37,1,290.2,2,2,24,53.0
14.75,8,1671.85,0,2,29,65.3
3.25,9,1241.9,1,3,35,27.4
2.6,6,1502.77,1,3,33,18.4
2.27,2,165.82,2,2,4,33.8
1.35,5,619.73,2,3,33,23.9
2.18,3,382.84,2,1,34,36.7
13.15,8,2358.24,0,2,13,59.7
5.42,5,427.08,2,3,32,37.8
8.02,5,918.52,0,3,17,39.0
13.89,2,498.17,0,2,34,47.6
7.17,1,299.83,1,1,5,28.6
4.3,8,1293.64,0,2,23,32.6
5.86,8,745.74,1,1,28,34.9
0.78,4,572.48,1,1,15,14.6
13.92,4,548.69,0,1,26,56.0
10.7,7,599.58,0,1,26,40.6
3.93,4,456.22,1,3,20,24.4
7.86,3,463.83,1,3,23,42.8
12.77,5,719.7,0,1,25,52.1
1.95,1,225.88,0,1,1,23.7
11.11,3,341.18,2,1,27,57.7
13.88,9,1076.05,0,1,17,66.7
2.22,8,1201.38,1,3,31,25.5
4.79,1,105.95,1,2,34,25.6
6.37,6,1345.68,2,3,29,41.4
13.16,2,502.29,1,2,29,50.8
1.44,2,394.49,1,1,15,19.5
3.77,8,2272.15,1,1,11,28.3
6.06,6,883.12,1,1,7,31.1
11.6,2,195.27,0,2,9,51.5
9.18,8,1654.41,0,1,28,42.4
4.82,1,247.05,2,2,20,39.6
12.39,7,1725.83,0,3,9,58.0
3.41,2,233.96,1,1,18,17.3
9.17,8,2066.86,2,1,21,52.0
13.9,7,719.94,1,3,29,61.8
4.3,3,404.29,1,3,10,32.6
14.97,3,586.41,2,3,32,67.9
4.91,9,1748.59,2,3,15,47.7
1.39,8,679.42,1,1,14,18.1
0.7,1,183.02,2,3,5,20.5
9.65,6,757.49,2,3,22,50.6
14.75,3,528.93,2,1,13,62.0
11.14,3,734.71,1,3,19,48.7
14.78,9,1981.37,0,2,5,57.6
10.6,2,534.31,0,1,35,50.2
6.62,2,275.1,0,2,15,31.0
12.27,3,602.2,1,3,19,48.3
14.06,2,180.46,0,2,30,53.0
11.92,6,516.72,2,3,25,58.6
5.69,1,287.19,0,3,10,38.2
2.88,1,124.09,1,2,19,16.9
13.1,2,163.48,1,2,8,51.0
10.15,6,1050.72,2,2,5,58.1
12.09,5,952.58,1,2,8,52.8
1.7,8,722.12,1,3,20,22.9
11.25,7,998.09,0,1,20,48.1
6.33,7,2077.88,1,1,28,32.6
0.69,2,356.63,2,2,22,25.3
4.28,5,1273.03,1,2,6,31.5
9.64,6,966.35,1,1,4,38.0
0.92,3,459.75,2,1,16,15.0
7.52,8,1468.57,2,1,23,36.4
10.16,1,239.74,0,3,14,48.9
1.92,2,409.04,0,3,13,31.7
4.63,3,739.09,2,1,27,27.9
1.96,5,574.33,1,1,2,24.2
0.82,3,511.01,2,1,3,10.0
2.7,9,2199.31,2,2,18,23.3
5.92,1,218.54,1,3,20,33.8
13.89,1,259.55,2,1,13,63.7
1.14,2,496.16,2,1,10,21.6
3.81,8,893.93,0,1,4,31.3
14.29,4,1161.27,0,2,22,55.2
9.66,2,598.59,1,2,16,43.8
9.75,2,559.95,0,3,23,37.0
13.49,7,1917.71,2,2,17,58.2
9.74,6,1293.91,0,1,5,38.8
7.57,8,969.95,2,3,17,51.1
4.04,3,606.37,2,2,32,31.5
10.5,2,201.63,1,2,22,47.0
4.97,3,300.79,2,2,28,44.8
1.97,7,2004.99,2,1,11,19.6
7.65,5,1324.88,0,3,12,31.4
13.57,3,514.31,2,3,32,64.7
12.02,6,680.97,1,3,16,38.9
13.18,5,600.39,2,2,17,56.6
7.99,6,909.74,2,1,2,42.4
3.2,6,1280.94,0,2,25,26.8
3.31,3,490.47,2,2,7,25.3
4.05,1,149.27,2,1,31,18.4
4.43,8,1455.8,1,3,33,32.2
10.33,6,971.44,2,3,16,56.0
4.12,6,1460.95,0,2,6,29.1
5.06,4,686.91,0,1,9,19.3
8.77,1,251.6,2,3,19,53.3
12.09,6,1122.87,0,1,13,49.2
1.45,1,142.24,0,1,24,20.0
12.24,3,890.86,0,3,18,57.2
14.28,5,695.58,1,2,35,63.2
7.05,8,2230.99,0,3,13,37.3
10.61,6,736.75,2,1,10,55.7
5.57,7,1675.56,1,1,22,23.7
2.3,2,263.96,2,2,2,29.6
5.81,2,493.95,1,2,2,25.1
12.84,7,652.5,1,2,30,44.4
12.84,4,755.08,1,2,5,47.5
10.77,9,1136.25,2,1,10,55.5
4.25,3,627.44,0,1,2,30.4
3.96,3,479.92,2,1,7,28.9
1.62,9,2211.96,0,1,14,18.6
11.22,9,1489.25,2,3,34,57.0
13.07,4,1056.9,0,3,22,54.6
8.6,5,587.45,1,3,28,36.5
8.49,8,1127.85,0,2,21,48.2
11.67,7,2089.06,2,3,20,62.7
2.08,5,1152.95,2,3,11,33.4
7.14,3,743.73,1,2,32,31.5
7.93,3,399.87,0,3,21,47.7
10.09,1,106.07,1,2,7,42.9
14.46,8,1829.01,0,1,27,66.3
8.95,5,1084.42,0,3,1,47.5
9.35,9,762.1,0,3,17,53.4
9.3,2,492.57,1,3,32,35.6
12.61,4,441.69,0,3,29,56.7
9.03,9,1909.2,2,3,19,52.5
13.24,4,327.79,1,2,1,50.9
5.29,9,1483.43,2,1,17,39.7
11.08,8,2263.45,0,3,6,53.4
10.1,5,675.56,2,3,4,51.7
13.9,6,1790.44,2,1,29,61.6
10.21,8,1678.43,1,3,17,47.8
12.36,6,832.99,2,3,2,57.7
5.28,2,555.23,0,2,35,24.6
11.98,2,439.93,0,2,35,56.0
14.75,3,519.53,2,2,29,63.2
12.85,2,556.23,0,1,18,42.1
3.61,7,1365.8,0,1,34,14.9
4.0,4,569.97,0,3,27,23.4
8.52,9,1574.08,0,1,14,50.2
13.01,7,1043.9,2,1,31,49.6
6.22,7,1190.31,2,2,15,34.6
13.37,5,796.21,2,3,19,57.9
0.6,1,222.74,0,1,29,16.3
11.81,5,417.84,2,3,34,58.1
5.32,7,1444.17,1,3,35,24.7
5.05,7,1019.91,0,3,29,30.1
2.47,3,552.54,2,2,2,13.7
12.84,9,2151.1,0,3,25,59.0
13.62,5,828.51,0,1,13,50.4
5.66,3,781.0,2,1,29,32.7
8.37,4,530.94,1,3,23,33.5
6.97,2,226.63,2,2,8,41.0
6.14,7,1456.01,2,2,1,41.1
1.18,1,247.5,2,3,3,29.1
14.79,9,2454.5,2,1,6,74.2
14.58,2,452.61,1,2,6,57.5
2.21,4,806.55,1,1,24,20.1
1.69,6,1554.33,2,2,18,28.8
6.09,8,1930.17,0,1,22,36.1
5.93,7,986.28,1,2,16,38.3
8.39,4,467.99,0,3,11,42.8
8.22,9,1758.79,2,1,1,48.4
7.88,1,299.92,0,2,5,36.1
8.31,2,447.24,2,3,31,42.9
5.86,2,331.58,2,2,15,39.5
2.42,6,517.63,0,1,29,12.7
11.0,3,605.83,1,2,13,47.1
12.42,4,1153.76,0,1,18,52.1
10.21,4,731.94,2,1,7,50.1
6.67,6,490.73,2,1,7,40.2
1.85,1,290.11,2,1,34,26.7
12.79,2,186.49,2,2,29,60.3
0.79,3,262.37,2,1,16,21.2
11.86,6,690.38,2,1,9,50.9
12.37,2,222.17,2,1,25,48.0
8.01,6,703.6,0,1,25,39.4
4.92,2,516.62,1,2,3,25.8
3.5,6,816.68,1,3,7,33.6
11.07,1,128.76,0,3,11,49.4
6.56,5,1006.47,1,2,17,37.7
4.8,5,834.93,0,2,5,26.1
9.64,5,598.77,0,3,1,35.2
2.68,3,356.11,1,2,14,19.9
6.72,1,214.39,0,1,2,35.6
10.87,3,373.15,1,3,16,51.3
1.52,9,1833.24,2,2,4,30.5
11.69,4,1048.11,0,2,16,38.7
1.02,6,746.06,0,2,12,20.5
8.72,5,852.27,2,1,13,46.1
4.51,1,80.09,0,1,8,25.6
7.83,1,183.65,0,3,29,40.9
6.06,6,1110.48,1,3,31,37.8
2.15,5,1261.29,0,3,29,12.4
6.61,5,1383.52,1,1,16,31.0
2.69,5,1248.98,0,3,17,25.7
5.98,2,275.2,0,2,6,35.5
5.1,7,608.21,2,3,17,36.9
14.31,2,351.23,1,1,35,61.0
11.02,6,1101.81,2,2,9,57.3
4.14,8,2018.62,1,2,12,35.9
3.77,1,240.3,0,2,28,27.3
8.68,5,955.13,1,1,10,35.8
11.16,8,1894.79,1,2,21,48.9
13.84,4,773.35,2,3,22,54.9
14.82,8,1375.79,2,3,6,64.6
1.44,4,864.27,0,2,4,21.2
13.3,9,1155.69,1,2,34,51.3
6.69,5,987.17,1,2,30,33.5
11.38,7,814.58,0,2,19,46.4
7.28,8,781.85,1,1,4,30.1
5.11,2,383.99,1,2,17,24.2
8.41,5,1089.12,0,3,13,44.7
14.51,3,696.6,0,3,21,55.4
1.69,6,1703.24,1,2,4,23.1
12.16,9,2279.87,1,1,16,60.0
12.75,6,968.99,0,3,27,57.1
12.76,6,1408.96,1,1,11,55.0
13.46,6,1086.76,1,1,35,50.6
8.87,1,149.28,0,1,16,39.7
2.22,1,123.02,0,3,33,20.7
9.46,2,222.75,2,2,15,44.6
7.51,3,641.47,0,3,32,29.6
9.34,4,645.95,2,3,9,53.4
9.0,4,393.76,0,1,8,27.4
1.72,5,1397.68,0,3,6,15.5
15.0,1,149.29,2,3,3,69.3
7.9,4,953.47,1,2,16,33.4
2.84,9,2627.86,2,1,28,35.6
4.35,8,2344.36,2,1,9,29.7
11.68,7,1882.52,1,1,5,52.7
4.98,6,1620.1,2,2,8,42.9
2.83,8,650.12,2,3,7,25.8
14.38,3,286.03,0,2,5,62.7
3.83,4,1131.48,2,3,9,34.0
6.33,4,980.9,2,3,23,36.9
1.66,9,1136.86,2,3,29,34.0
6.37,8,2208.16,2,1,33,33.3
12.42,5,1124.12,2,1,8,60.6
5.58,4,373.54,2,1,18,39.1
1.5,4,566.72,2,3,26,25.7
9.16,7,1633.42,0,2,10,45.2
6.7,7,1058.22,0,1,17,33.7
4.56,1,141.54,0,1,4,19.7
1.38,9,1203.96,1,2,12,23.2
4.42,4,729.61,2,1,4,31.5
2.22,5,922.25,0,2,27,21.8
1.89,2,322.57,1,3,22,19.0
9.13,2,346.97,2,3,24,43.2
12.74,1,244.73,2,1,14,58.8
13.45,7,773.32,1,1,16,52.1
3.68,2,590.24,1,1,35,21.8
12.47,4,682.97,2,3,5,59.6
4.11,5,1294.44,0,3,24,33.1
2.36,6,848.97,0,1,6,17.2
14.81,5,1306.26,0,1,13,62.4
3.94,9,2520.48,0,3,19,23.2
10.09,1,224.3,0,3,12,46.3
12.45,8,1602.04,0,3,27,58.5
11.66,4,350.73,2,2,4,47.0
9.77,6,1588.19,2,2,24,48.8
14.72,3,268.75,0,2,23,65.3
9.98,6,682.25,0,3,20,46.4
10.38,2,479.46,0,3,5,44.1
4.24,8,1615.68,1,1,32,25.4
1.67,9,1730.23,2,3,11,27.9
1.82,3,341.46,2,2,35,20.8
12.42,5,1436.06,1,3,31,46.6
5.13,4,987.21,0,1,13,24.8
4.73,9,2392.93,0,2,13,42.8
1.09,7,1075.83,1,3,22,17.5
9.11,4,987.59,0,1,7,42.5
10.39,9,721.59,2,1,15,49.4
11.88,8,1206.8,0,1,14,53.1
13.91,2,306.2,2,2,13,62.4
8.72,1,140.6,2,1,2,48.1
5.69,3,484.92,2,3,22,39.1
9.58,6,532.59,2,3,6,47.2
6.66,3,689.37,1,3,22,43.8
13.74,2,228.23,2,3,25,56.8
8.76,8,2398.98,0,1,23,37.9
3.8,8,1800.62,0,1,26,29.6
7.39,1,163.33,1,1,30,25.9
12.02,6,1401.57,2,1,35,58.9
5.53,9,1490.75,0,2,18,34.5
13.21,5,959.45,1,2,10,55.6
11.64,1,83.66,1,2,1,41.9
3.66,1,265.24,1,1,10,26.4
2.31,5,1480.22,2,3,18,30.1
14.86,2,438.0,0,3,33,62.4
1.05,9,2379.76,2,1,18,25.1
12.56,3,740.31,0,1,27,50.1
10.51,7,2088.13,1,1,33,36.1
9.68,5,1220.56,1,2,30,40.6
14.82,5,1324.8,1,1,5,65.5
11.54,2,450.13,2,3,6,52.5
14.92,8,1709.96,0,2,9,57.0
12.75,1,92.76,1,1,15,47.8
9.96,5,637.73,1,3,3,43.1
13.19,3,384.84,2,1,24,59.7
11.64,5,1274.64,0,3,23,49.2
4.57,8,1589.08,2,2,21,38.9
6.43,7,729.74,1,2,25,28.3
1.73,5,999.57,0,3,31,11.4
5.88,2,428.14,0,3,12,34.3
11.61,3,298.12,0,2,15,50.0
3.82,6,510.75,2,2,30,33.8
4.8,3,742.81,2,1,25,35.8
3.17,5,662.11,2,1,28,29.3
12.42,6,948.12,2,2,31,64.0
9.52,8,1749.32,1,2,18,50.0
13.39,2,346.16,1,2,7,53.6
12.19,3,471.44,0,1,8,54.2
4.9,5,1384.39,2,2,14,27.4
6.5,6,1368.04,0,1,31,35.6
4.96,2,520.41,1,3,13,33.5
11.33,9,1794.22,0,2,33,46.6
9.31,5,1325.96,2,2,10,47.1
3.27,1,125.09,0,2,20,32.2
3.33,1,256.54,2,1,23,26.3
10.2,3,614.74,1,1,28,36.1
13.47,3,689.93,2,1,16,66.2
4.12,8,752.72,1,3,5,33.3
1.34,6,601.61,0,1,7,25.0
12.49,1,100.43,0,3,31,49.0
13.86,1,231.43,0,2,35,49.8
8.08,1,100.82,1,2,32,33.5
3.02,1,106.12,2,3,26,31.2
5.69,5,740.14,1,1,7,31.6
7.24,1,285.81,0,2,2,44.2
5.32,9,958.5,2,1,10,38.3
4.02,5,529.51,2,3,11,41.0
13.92,3,346.91,2,2,4,57.7
7.88,5,511.83,2,2,30,40.4
5.57,8,1961.4,2,2,7,30.2
10.75,5,904.55,1,2,31,41.1
12.29,6,837.6,1,1,34,48.5
9.26,1,152.08,1,3,14,42.8
10.23,2,515.46,0,3,19,35.9
9.04,9,954.87,2,3,11,52.3
4.63,3,853.19,0,2,21,34.9
6.79,3,630.09,0,2,10,33.3
3.81,2,447.42,0,2,6,24.5
9.48,3,878.03,2,2,24,42.7
6.68,5,1392.15,1,2,22,30.0
4.73,4,584.16,1,2,22,29.9
8.78,8,1498.05,2,2,8,51.9
11.58,1,192.84,1,3,20,53.0
12.3,1,81.04,2,3,20,55.3
1.73,2,498.44,0,3,19,21.0
6.53,3,381.07,0,3,9,34.9
3.77,9,2512.14,2,3,34,34.7
14.74,2,253.9,2,1,35,54.4
14.52,1,153.02,0,2,17,59.8
3.9,7,1087.76,0,3,8,27.3
8.4,9,2423.49,2,2,14,44.0
1.81,8,1234.1,1,2,32,19.0
11.96,6,1756.92,1,1,5,50.5
2.1,3,567.3,1,3,17,16.0
9.39,9,1854.58,2,3,18,51.6
10.58,4,773.86,0,2,4,43.1
13.42,5,996.68,1,1,32,43.8
12.09,9,1601.04,2,3,15,64.9
7.67,4,515.16,0,2,10,25.4
4.37,7,1347.45,2,1,23,32.9
7.11,5,428.73,2,1,5,43.5
13.74,4,510.93,0,3,28,60.3
3.52,6,1552.49,2,1,28,27.6
9.73,4,751.71,2,3,32,48.0
5.4,2,597.51,1,1,24,25.7
10.15,6,1530.87,1,3,35,47.8
7.89,4,959.3,2,3,18,60.4
4.59,3,852.69,2,2,3,34.1
7.91,3,782.61,2,3,1,47.1
5.84,6,1087.62,2,2,35,29.3
0.53,7,1273.51,2,2,4,23.9
4.49,5,989.3,2,2,28,31.0
3.7,6,750.21,2,2,23,31.3
8.05,5,779.6,0,3,28,38.6
12.72,4,892.14,0,3,22,56.1
7.35,5,1287.52,0,3,7,37.8
2.31,9,1272.2,0,3,23,26.2
1.58,6,1754.67,2,3,16,32.1
3.62,1,113.92,2,2,27,27.3
13.65,2,448.04,1,3,19,61.1
1.6,5,519.84,2,1,13,31.3
8.74,5,434.2,1,1,10,44.2
5.62,8,1538.31,0,3,6,29.2
9.38,3,299.96,0,2,8,42.8
9.48,8,1934.3,0,2,33,40.7
1.73,2,338.98,1,2,35,12.2
1.82,3,655.61,2,3,21,25.6
9.0,4,598.52,1,1,26,37.1
12.51,4,535.73,1,1,5,50.4
2.67,7,1190.9,0,2,19,23.4
14.88,9,2429.39,0,1,15,64.4
12.25,4,1150.74,2,2,7,56.1
3.22,4,474.22,2,1,12,30.9
10.19,7,1480.28,0,3,23,48.0
0.63,3,744.44,2,3,7,18.3
1.04,2,579.96,2,3,3,26.1
7.39,7,960.61,1,1,33,38.6
4.51,1,157.04,0,1,13,25.0
14.01,1,165.65,0,3,3,55.6
2.84,1,270.71,0,1,10,21.5
5.31,3,440.88,1,2,1,26.2
8.21,8,1749.23,0,3,27,44.6
9.19,9,1653.46,1,2,34,40.5
7.18,9,1549.24,1,3,14,37.3
5.11,2,257.73,1,2,17,30.2
12.57,4,1138.75,1,2,23,47.5
0.91,9,1937.6,2,3,24,21.8
6.58,3,516.94,0,1,29,31.3
7.39,2,451.63,1,2,12,38.3
12.61,3,552.05,0,2,2,59.3
2.47,9,937.59,2,2,26,28.1
14.88,9,1997.13,1,1,3,61.4
14.22,6,1192.42,1,1,25,55.3
14.61,4,584.72,1,2,18,52.3
12.67,4,380.55,0,2,35,56.7
2.78,4,410.26,0,1,27,15.5
14.91,6,1472.74,1,3,17,59.9
9.11,3,746.18,2,2,11,45.5
6.87,2,379.79,2,3,6,50.8
4.64,6,802.3,2,1,29,26.9
2.7,2,227.02,1,1,22,22.8
5.09,7,725.64,1,1,8,29.4
1.96,3,883.63,2,2,25,25.3
9.35,5,1080.53,0,3,1,42.6
8.36,9,1875.56,1,1,30,34.8
3.39,2,449.24,1,1,6,24.0
4.08,6,679.48,2,3,30,35.7
1.02,5,820.29,0,2,30,17.6
14.9,3,798.66,2,3,28,68.9
4.75,1,102.97,1,1,4,27.2
1.78,1,115.15,0,2,30,20.6
9.12,8,2155.16,0,1,10,37.2
9.22,7,1480.44,0,2,25,49.5
5.38,1,115.76,0,3,31,24.3
7.64,6,1488.79,1,3,26,41.7
1.14,4,535.7,1,1,11,11.8
9.33,4,579.9,2,1,3,50.6
5.63,2,392.03,0,1,14,23.7
6.88,1,138.26,2,1,11,40.7
5.98,2,313.66,1,3,26,30.6
3.29,6,885.3,1,3,33,23.7
13.75,3,782.65,1,3,6,54.1
7.37,6,591.27,1,1,2,30.3
12.3,6,1050.85,1,1,10,54.2
6.1,7,894.0,1,1,28,34.2
10.53,4,1039.56,2,3,25,44.5
11.94,4,923.44,2,2,5,59.9
4.3,7,691.36,1,3,16,26.6
11.11,3,602.51,0,2,6,49.9
6.6,2,597.78,0,1,10,29.7
9.12,6,657.15,1,3,26,38.2
11.03,6,951.23,2,3,8,57.2
14.29,6,1515.51,2,2,8,66.8
0.7,6,1250.26,2,3,2,26.5
13.42,4,790.28,0,1,19,41.5
10.22,9,1544.53,1,1,28,41.0
8.76,7,1693.27,2,1,6,49.3
3.16,2,506.25,1,1,31,18.2
12.27,7,1746.77,0,2,21,61.6
3.04,5,1248.09,2,1,7,29.5
5.48,6,1689.47,2,1,23,38.8
8.41,8,2229.68,1,3,28,41.6
13.51,2,287.11,2,3,23,62.8
10.96,7,1118.44,1,2,29,48.9
0.65,4,930.16,2,2,1,15.5
6.26,8,2316.33,0,1,18,31.4
2.75,9,1558.72,0,2,17,26.0
3.15,7,1929.93,0,1,11,17.7
7.62,8,1783.31,0,1,3,36.9
2.43,4,384.4,0,1,11,12.2
7.79,4,1136.23,0,1,4,35.7
11.4,6,747.59,2,2,13,44.6
9.31,9,2192.76,0,2,17,47.4
5.75,6,877.53,0,1,24,28.7
7.66,8,1949.23,2,3,13,51.1
3.76,8,1864.66,1,2,8,33.5
11.18,3,503.44,2,3,3,62.0
6.3,8,902.93,1,3,23,29.9
11.05,3,573.14,2,3,11,48.5
12.28,8,925.16,0,3,21,58.6
4.81,8,1474.18,2,2,7,31.1
3.59,7,630.55,1,2,9,28.5
14.79,6,1351.01,0,1,18,53.1
10.01,9,2639.5,1,3,29,44.8
8.54,8,1539.25,0,1,2,38.1
3.79,4,613.83,1,3,19,33.6
13.71,4,673.37,0,2,6,59.4
2.02,5,940.93,0,1,21,28.4
6.08,3,286.76,1,2,15,34.1
11.06,6,1331.25,0,1,32,39.0
9.19,3,352.64,1,2,26,41.0
13.92,3,579.28,0,2,20,59.2
10.99,8,1740.27,1,3,22,57.1
14.24,7,1530.39,1,3,10,57.3
2.12,3,382.08,0,3,9,23.4
6.82,9,883.17,2,2,13,50.2
12.93,6,1500.24,2,1,34,55.2
4.64,6,1282.92,2,3,24,32.6
1.92,1,187.77,1,3,12,19.8
10.33,1,240.07,1,2,31,44.3
12.39,9,2047.28,0,1,27,58.3
3.86,5,1087.53,1,2,14,30.7
6.93,9,1295.94,1,2,29,30.8
10.15,4,860.13,0,1,35,32.4
10.84,9,1693.95,0,2,4,57.8
9.08,5,1062.93,2,1,25,40.9
14.11,2,278.33,2,2,13,62.5
3.58,6,1279.37,2,2,18,30.2
14.17,8,1630.45,2,3,8,73.2
7.26,7,1209.82,1,1,13,38.0
1.75,7,2017.67,2,2,33,28.3
10.02,1,148.36,1,3,19,43.6
4.05,2,521.42,1,2,21,23.7
9.89,6,772.65,0,2,16,50.9
5.0,1,184.52,0,2,1,28.7
3.41,4,1082.83,2,1,11,27.8
6.61,5,1148.25,0,2,13,33.3
10.76,8,841.12,2,3,30,68.5
8.02,5,1150.77,0,1,35,33.6
1.08,4,540.51,0,2,34,15.3
1.28,5,479.29,0,1,21,10.0
10.86,6,1080.88,1,3,34,50.8
11.14,1,191.0,2,1,11,46.6
14.8,4,1178.01,2,1,17,60.8
2.3,1,242.95,1,3,4,14.1
9.73,5,422.33,2,1,22,56.3
6.63,4,831.54,0,2,9,30.0
12.62,1,175.96,1,1,1,52.4
1.41,1,194.95,0,1,24,21.0
10.99,8,966.49,1,2,8,43.0
8.34,7,1399.68,0,2,28,32.6
6.61,4,321.34,0,1,23,29.3
14.32,6,1444.39,1,3,20,56.8
12.57,7,1621.35,1,1,4,58.1
1.04,3,687.19,2,3,4,32.5
8.37,1,227.13,2,2,16,47.6
14.53,6,1124.6,1,3,18,59.7
4.43,5,773.93,0,1,30,21.9
9.65,5,883.82,2,3,30,58.3
5.86,1,194.73,1,1,31,21.2
11.88,2,201.61,2,2,15,54.7
3.75,8,2178.69,1,3,11,32.7
3.39,9,2436.21,2,3,1,34.5
3.56,3,636.91,2,2,1,36.9
12.52,8,1656.28,2,3,24,62.2
8.21,7,702.13,0,2,8,36.3
9.17,1,200.65,1,2,21,44.3
7.93,8,912.57,0,1,27,37.5
12.62,4,599.36,0,3,27,53.3
3.17,8,1122.84,2,1,8,32.4
6.53,2,211.02,1,1,12,29.9
12.63,2,587.43,2,3,30,65.1
2.32,3,717.79,0,2,3,28.5
8.62,3,602.34,1,1,14,28.0
8.46,6,1113.41,2,1,33,32.1
4.1,4,959.91,0,3,13,25.7
9.39,1,297.94,1,1,23,33.7
9.08,7,1375.05,2,3,16,49.7
1.32,4,902.99,0,2,35,14.2
10.86,4,930.59,0,1,23,39.0
3.53,9,1304.92,1,2,23,26.8
9.77,5,577.63,0,1,25,41.8
10.37,2,384.73,0,3,7,44.8
6.25,8,2260.33,1,3,6,36.9
6.64,2,343.19,1,1,13,31.6
5.8,5,423.41,2,1,7,47.9
0.6,8,1076.19,1,1,12,34.0
13.33,9,788.57,0,2,11,55.4
13.93,6,1254.9,2,1,14,60.8
8.85,4,999.24,2,1,32,37.9
9.45,9,754.62,2,1,20,48.1
1.51,1,266.84,1,2,12,17.6
14.47,7,2028.82,1,1,26,55.2
3.81,4,847.3,2,3,22,29.9
10.76,1,234.33,1,3,30,40.6
3.29,4,893.04,0,3,24,26.8
12.43,7,1935.89,0,2,12,57.1
11.93,1,86.15,0,2,13,54.4
1.59,6,1708.37,0,2,24,10.0
5.11,2,373.39,2,3,13,34.7
8.56,5,1181.11,1,2,6,37.5
4.45,8,1921.15,0,2,27,20.5
13.88,4,868.3,1,1,34,55.2
7.89,3,576.47,2,3,12,51.4
11.83,3,832.72,2,3,30,51.8
1.71,2,201.59,0,2,23,17.6
5.95,4,999.13,2,3,1,48.4
1.09,7,1181.52,2,3,19,24.8
12.3,1,273.25,1,2,31,40.9
0.6,5,1061.47,2,3,34,23.2
10.39,3,703.1,2,2,24,48.3
9.54,3,569.7,1,1,28,36.5
2.42,6,1247.38,0,1,35,22.1
4.58,2,277.66,1,2,13,31.8
3.86,5,1274.44,1,1,34,24.1
6.68,5,678.4,1,3,11,33.6
2.99,4,681.36,0,2,30,17.4
9.77,2,443.41,0,3,16,45.3
13.29,6,1055.95,2,1,12,57.2
6.33,8,1915.67,1,2,32,33.0
11.85,7,2092.08,2,2,29,53.3
9.94,4,475.03,1,1,19,48.1
6.67,5,1412.59,1,1,16,27.5
5.74,9,1870.11,1,2,7,43.6
10.62,4,638.09,1,2,11,41.6
7.07,6,542.48,0,3,27,36.9
5.34,1,197.19,1,2,4,22.1
7.94,9,1112.01,0,3,29,45.3
4.87,1,269.48,1,2,10,30.7
3.45,6,1084.8,1,2,17,21.4
5.89,4,1015.82,2,2,33,38.7
11.68,4,583.65,2,1,32,58.2
13.56,5,1175.32,1,2,23,51.4
7.14,4,469.6,0,2,23,33.0
8.48,2,436.55,2,1,30,41.9
5.82,6,787.82,1,2,17,35.4
14.91,9,1349.81,0,1,15,57.1
1.61,6,1543.25,1,3,7,15.3
5.5,9,789.25,1,3,19,33.2
2.71,8,735.92,1,2,11,30.3
8.88,4,618.3,1,2,22,35.9
8.35,7,1016.82,1,2,10,40.4
3.81,1,132.06,0,3,20,31.6
12.57,8,2154.89,1,2,6,56.8
7.65,6,816.04,2,3,15,50.4
14.52,4,818.03,0,3,33,60.4
14.37,3,665.84,0,2,32,48.7
12.37,9,2437.48,1,2,32,58.7
5.27,5,1012.62,1,3,16,30.6
1.43,4,598.63,1,2,20,18.0
0.53,1,286.81,2,2,12,17.9
2.64,9,2456.78,0,2,20,26.4
9.14,8,912.11,0,3,28,45.0
14.44,7,943.8,1,2,21,61.0
10.72,8,1153.48,1,1,17,45.0
4.53,7,632.99,0,1,4,26.0
11.43,1,92.08,2,1,6,45.8
8.75,9,2218.59,0,3,8,46.2
1.87,8,2183.71,0,3,1,19.5
7.24,6,1332.84,1,3,34,40.6
1.47,9,1940.12,1,3,29,28.2
14.88,1,188.09,2,2,7,49.1
1.35,1,204.42,1,1,16,19.0
7.02,5,1378.67,2,1,26,34.0
7.67,8,1905.95,2,1,5,46.3
9.07,9,1833.92,2,2,3,51.1
6.58,1,224.52,1,1,6,31.7
12.17,8,2147.4,2,2,22,59.7
1.04,1,173.06,2,1,35,21.4
0.82,9,2458.18,2,1,20,20.9
13.98,8,1330.93,2,1,14,56.4
11.88,2,237.83,1,1,19,36.2
14.96,2,436.5,1,1,20,52.2
5.72,2,351.39,2,3,10,40.4
6.48,7,767.79,2,2,17,44.8
9.56,4,1146.87,2,1,4,45.7
4.89,2,573.8,1,1,1,30.6
12.82,9,1334.23,1,1,31,53.1
3.9,9,921.98,2,3,31,27.4
1.99,4,500.98,2,2,26,15.9
12.99,5,1255.47,0,3,29,50.8
14.77,2,508.36,1,3,23,52.7
12.38,3,750.51,0,1,22,41.3
6.72,4,1099.55,1,3,8,45.5
0.64,2,494.09,1,1,25,10.0
9.92,3,422.74,0,2,3,46.5
4.17,1,94.27,1,3,14,30.9
9.64,3,769.06,1,1,26,50.6
9.35,6,1408.88,2,3,6,68.1
8.6,8,1434.35,2,3,10,45.2
4.32,1,272.05,0,3,23,27.9
1.15,5,1166.35,1,2,27,19.0
11.95,6,1787.83,2,3,27,58.7
4.15,5,1114.24,2,3,35,38.1
8.49,2,572.34,0,3,27,47.4
7.83,4,897.39,0,2,33,37.8
14.85,8,1231.9,2,2,6,66.4
7.98,9,1116.94,0,2,12,47.0
4.6,9,794.88,1,3,15,35.6
3.31,6,724.26,1,1,6,16.3
8.41,6,737.14,0,2,9,37.9
13.25,4,364.08,2,3,21,59.3
7.53,9,1870.86,1,1,31,43.3
1.56,2,439.28,2,1,34,28.0
1.62,5,796.94,1,1,29,22.3
10.7,1,94.59,2,2,5,53.7
8.99,8,2179.74,2,2,14,53.7
13.38,7,1044.77,2,1,22,54.3
10.64,5,833.3,0,1,12,46.9
3.06,9,1177.17,2,2,1,37.5
10.5,5,1194.4,0,2,23,37.6
2.13,2,406.45,2,2,21,19.9
3.8,4,436.17,2,2,34,25.9
14.1,9,1629.31,1,3,21,61.4
7.19,5,1136.16,2,3,8,39.2
12.86,5,436.47,0,1,28,46.9
14.69,4,990.37,0,3,34,69.3
14.81,7,1254.99,0,2,6,66.9
9.49,6,508.64,0,2,2,43.8
14.98,4,1072.95,0,1,29,53.6
1.65,1,194.28,1,1,25,10.0
11.65,7,1121.79,0,1,30,49.6
8.54,1,168.62,2,3,2,54.0
10.94,6,497.98,1,1,12,49.1
8.72,5,940.68,2,1,20,38.4
1.96,7,1852.51,0,2,25,28.5
10.76,9,1172.31,1,2,35,49.0
2.5,1,282.31,2,2,16,23.4
14.15,9,1704.75,1,2,28,56.3
13.88,4,328.63,0,1,10,50.4
2.7,7,878.69,1,2,10,23.7
6.68,6,661.0,2,1,20,39.9
6.49,1,178.33,1,2,22,34.3
6.43,1,179.07,0,2,27,32.2
5.19,5,1102.01,0,1,14,24.7
12.85,7,1350.66,2,1,18,59.6
5.5,9,729.04,2,2,12,42.0
0.71,8,2261.27,2,2,21,25.7
3.34,3,351.5,0,3,34,22.9
5.01,7,1229.48,2,3,4,38.7
4.7,3,466.08,2,1,10,34.5
8.2,3,473.2,1,2,8,32.5
9.6,6,1453.36,2,3,27,57.5
12.8,4,670.85,2,1,30,52.7
5.6,5,723.95,2,2,13,43.3
14.98,8,1805.0,0,3,34,65.1
13.38,7,1354.59,0,3,6,68.5
14.12,8,1891.64,0,2,32,63.5
13.59,1,268.17,0,2,25,49.9
7.61,8,655.39,0,3,32,35.7
7.38,5,822.44,0,1,3,41.0
10.21,2,245.3,2,2,23,43.6
6.9,3,608.17,0,3,5,32.7
3.42,2,598.49,2,1,12,21.8
11.9,9,2085.55,1,2,5,49.7
4.76,9,1943.29,2,2,34,37.3
5.96,7,1389.38,0,2,9,34.6
1.08,2,540.96,1,3,31,13.2
10.23,5,720.43,2,3,9,53.1
7.16,4,332.22,0,2,23,37.8
12.9,3,251.2,2,1,8,59.5
11.23,1,133.69,1,3,11,55.3
14.02,3,665.55,2,1,24,58.0
7.19,3,774.68,2,1,7,49.7
0.75,8,1139.42,1,3,34,32.7
4.28,7,1326.54,1,1,7,28.6
6.85,7,1458.39,2,2,23,38.6
10.77,9,1733.16,2,1,16,50.6
3.03,5,551.4,2,2,12,24.8
8.5,6,828.7,2,2,12,43.5
13.97,2,351.41,2,1,5,60.7
12.82,1,88.63,0,1,11,44.9
1.64,6,1374.42,0,2,17,16.1
7.32,6,1620.53,1,1,28,39.2
9.99,2,358.98,2,2,22,50.3
8.26,8,1049.74,1,3,5,44.9
0.87,7,1458.16,1,1,18,17.9
10.82,9,1350.14,0,3,32,52.8
7.6,9,1980.06,1,1,10,40.6
12.69,7,1027.42,2,1,3,62.1
4.54,3,502.08,1,3,29,28.4
10.13,4,1028.56,2,2,12,53.9
13.61,3,814.89,2,3,9,81.2
13.7,4,335.31,0,1,3,55.4
11.34,1,164.69,2,3,17,47.5
9.48,6,587.17,0,2,9,36.3
13.37,4,1090.39,1,1,27,61.5
8.19,9,1196.05,0,1,19,36.2
12.24,9,1131.53,2,3,34,68.1
1.76,7,730.42,2,1,2,33.6
10.47,8,1195.91,0,2,9,47.7
6.09,9,2517.39,1,3,34,30.1
8.52,4,481.37,2,1,21,42.2
13.85,3,701.26,1,1,19,50.6
8.47,2,564.78,2,3,28,47.0
1.02,6,1557.82,1,1,24,16.3
7.07,2,531.69,1,1,17,36.9
4.67,3,619.43,0,1,23,22.7
13.83,8,1970.15,2,1,30,71.4
12.89,7,887.71,1,1,9,41.4
12.91,7,1787.95,0,3,19,46.2
1.73,5,719.68,2,1,17,22.8
6.11,1,91.57,2,2,15,40.6
6.85,6,1586.01,1,3,28,38.7
0.84,1,150.87,2,1,30,25.9
6.12,4,425.2,2,3,17,40.3
5.54,4,887.19,1,1,35,27.6
12.85,5,400.01,1,3,11,55.5
5.62,3,680.76,1,2,32,33.0
11.64,5,1145.22,2,2,21,51.6
7.33,7,742.74,2,3,28,52.2
3.44,2,237.47,2,3,13,30.8
12.7,8,1908.87,1,2,30,44.4
9.82,1,88.96,0,1,20,46.0
4.55,2,440.99,1,3,14,29.0
13.38,1,175.91,2,3,20,58.8
9.64,2,571.06,2,1,14,48.0
6.28,4,575.5,1,3,7,40.6
5.07,1,87.86,1,3,32,21.3
9.65,1,85.9,2,3,24,47.8
7.47,6,1286.93,0,1,6,31.1
4.3,8,1381.26,0,2,33,29.6
8.53,6,1623.72,2,3,16,49.7
5.08,1,110.11,0,1,18,15.8
12.93,7,2024.18,1,2,20,59.2
6.14,9,2206.0,0,1,19,32.3
2.47,7,1466.21,0,1,18,13.6
1.81,6,1618.34,0,1,22,13.5
5.46,1,106.73,2,1,15,38.9
12.9,7,826.19,0,2,23,58.0
7.01,2,525.82,0,1,20,26.7
6.01,7,1775.75,2,3,4,44.8
10.46,6,751.87,0,1,34,41.8
3.64,9,2527.0,2,1,12,35.9
12.98,7,2098.71,1,1,10,50.1
7.42,2,520.81,1,1,22,31.6
14.97,7,1977.77,2,1,12,72.7
5.76,5,1313.46,0,1,31,31.5
5.39,3,728.93,2,3,10,33.7
12.95,2,357.04,0,3,8,58.8
14.21,8,1107.19,1,1,12,60.3
9.78,4,390.91,1,2,29,44.6
2.4,6,958.76,1,3,21,23.1
11.85,1,225.48,2,3,10,49.6
7.09,3,333.52,0,1,18,31.8
13.02,9,1408.61,2,3,14,64.4
11.46,1,254.24,2,2,28,55.7
7.5,5,1174.58,0,3,34,29.0
14.35,1,112.24,0,2,24,58.2
7.86,6,721.14,1,1,28,36.3
2.2,8,1286.22,0,3,25,27.0
1.61,7,1710.93,1,3,18,23.6
7.48,6,1710.61,2,2,1,51.3
4.78,9,2119.2,1,1,28,31.8
10.55,8,687.34,1,3,22,53.3
11.77,6,540.7,2,3,23,63.4
10.94,2,196.88,1,2,4,46.6
10.15,1,86.62,2,3,20,55.3
5.12,1,87.77,1,1,26,25.3
6.56,7,1353.65,2,2,11,44.6
5.61,4,891.28,1,1,32,22.0
9.24,9,1691.27,0,2,21,45.6
8.27,9,1669.08,1,2,14,38.1
10.48,6,1090.84,0,2,17,47.3
1.61,7,1353.5,0,2,12,20.2
5.5,9,1402.76,1,1,17,27.6
3.37,6,960.91,0,2,8,21.7
12.73,7,1790.21,0,3,3,60.7
5.61,1,139.02,1,3,13,38.0
1.41,4,530.79,2,3,12,22.8
9.65,3,736.38,2,1,16,43.8
12.08,4,994.31,0,3,17,45.8
14.34,3,432.52,2,2,25,62.5
3.87,8,2378.46,2,1,15,28.3
5.57,9,2441.85,2,1,34,39.9
7.98,2,246.48,0,1,34,28.5
4.96,6,497.92,2,2,31,33.0
5.0,7,1411.76,1,1,32,33.8
14.3,6,1078.13,2,2,10,65.6
4.99,2,448.42,0,1,1,27.6
0.55,2,246.13,2,3,33,17.1
9.78,5,1240.06,2,1,8,55.8
14.07,5,729.23,2,1,35,54.8
14.71,8,2181.79,2,3,8,72.2
4.19,8,704.74,0,2,28,35.4
12.16,9,2000.13,2,3,9,58.8
7.49,5,507.15,0,3,10,29.4
11.49,2,241.82,0,3,34,53.3
13.56,2,349.83,1,1,31,55.1
12.73,4,997.54,2,1,16,56.9
9.71,8,1586.36,0,2,30,52.5
3.74,3,558.55,0,1,19,30.4
10.53,8,1038.49,1,1,12,37.9
13.77,6,797.79,0,1,14,56.1
7.07,7,1463.91,2,3,1,48.4
8.92,5,1081.02,2,2,26,40.7
14.06,2,171.14,2,3,5,55.9
3.63,5,1048.1,1,1,11,26.5
8.03,4,1002.3,1,1,26,30.7
14.78,1,194.14,2,2,8,53.4
14.97,9,1584.36,1,3,25,63.5
1.5,2,418.65,2,1,19,12.3
1.13,2,440.66,0,3,30,21.9
5.3,6,1031.53,2,3,10,39.9
8.26,2,446.26,1,3,23,40.9
0.68,9,1278.91,2,2,8,25.0
8.21,3,562.83,2,2,35,39.2
10.27,9,2054.46,0,2,28,39.6
3.14,4,842.55,1,3,7,20.6
1.02,9,1196.17,1,2,22,25.4
3.33,7,1742.83,2,1,32,34.0
7.31,4,422.5,2,3,11,46.6
4.49,1,259.42,2,3,14,37.3
13.96,8,1918.09,2,1,6,61.7
2.51,4,856.93,1,1,20,17.0
1.95,4,691.07,1,2,32,17.4
3.33,9,1487.26,2,1,10,36.3
11.1,3,827.15,0,1,8,40.0
4.09,3,529.46,0,3,11,23.4
8.36,5,554.39,1,2,8,33.2
6.28,8,2219.06,1,2,24,37.2
9.15,8,2389.43,1,3,11,49.6
2.14,7,1956.19,1,1,9,19.7
13.25,4,842.06,1,2,1,51.8
5.81,7,1710.05,2,1,35,33.8
11.71,1,283.4,1,2,12,51.8
5.27,2,405.21,0,3,5,35.7
14.66,9,1741.31,1,1,19,64.4
3.4,6,860.22,1,1,18,22.8
9.68,7,1433.97,1,1,19,51.9
5.45,6,1695.42,2,1,14,32.1
4.76,2,203.14,2,3,23,24.2
10.8,1,181.6,1,2,31,51.5
7.01,8,1406.02,2,1,27,36.1
5.28,2,364.01,0,3,13,37.6
7.1,8,1639.33,1,2,20,31.9
9.95,3,400.3,1,1,9,45.5
12.11,6,1487.54,2,1,27,65.5
14.41,5,1104.46,2,1,13,69.5
7.09,5,1277.43,0,2,24,30.1
2.46,8,1520.43,2,2,3,32.1
4.24,8,646.97,2,1,20,27.0
4.39,6,1774.02,1,3,26,28.5
12.55,4,582.09,1,3,23,37.9
10.41,3,624.27,2,3,29,48.0
11.15,3,355.98,2,1,28,56.3
12.55,6,1571.42,1,2,10,56.2
7.88,5,1467.39,0,1,8,29.0
10.21,5,877.86,0,2,31,44.7
4.15,6,1160.9,1,3,25,23.6
11.93,7,1286.62,0,1,35,45.8
14.58,3,606.79,2,3,18,66.2
6.62,4,1147.16,2,2,17,34.2
4.13,7,828.1,2,3,6,29.4
13.97,5,932.53,1,1,33,59.5
12.8,2,409.09,0,3,15,53.6
2.91,8,711.6,2,2,26,37.4
9.59,5,718.75,0,1,6,48.4
5.99,2,387.49,2,3,8,38.4
11.86,9,2305.77,0,1,6,52.1
14.7,2,273.53,0,3,4,60.9
4.17,6,1396.02,2,2,35,40.2
7.69,3,255.24,0,1,28,35.0
2.38,7,773.4,0,2,33,27.0
4.22,3,406.74,1,3,31,23.2
9.6,6,1383.48,2,1,23,49.7
2.31,3,658.94,2,3,25,24.0
5.07,1,139.09,0,2,29,35.8
5.57,8,1824.79,2,2,7,35.5
3.17,6,1477.09,0,1,18,25.1
1.48,8,764.13,1,1,30,12.1
2.81,3,453.2,2,2,14,23.1
11.52,8,1942.39,2,2,5,59.9
7.01,9,2227.53,0,1,9,29.5
11.0,4,852.26,2,1,29,54.9
13.08,4,1140.94,0,3,13,64.0
12.71,1,239.21,0,3,17,48.3
8.21,8,968.62,2,2,15,38.3
7.58,6,1431.51,2,3,13,39.9
0.86,5,608.67,0,1,7,10.0
9.59,7,777.81,0,2,23,46.6
7.56,3,806.97,2,3,16,39.3
8.53,7,1146.53,2,1,2,53.5
13.74,8,1883.86,0,2,21,45.1
13.05,7,823.62,1,3,22,54.7
12.69,2,595.82,2,1,6,46.9
11.18,9,1034.07,2,2,1,66.5
2.92,1,191.05,0,1,31,20.4
9.51,2,243.94,1,3,24,41.8
12.57,4,1029.17,0,3,9,56.1
2.27,7,1783.38,1,3,15,25.2
1.64,6,1132.56,2,3,12,23.5
8.59,1,168.47,2,1,5,44.2
2.52,2,408.14,2,3,11,28.6
10.83,7,1439.76,2,3,5,64.1
11.15,3,397.5,2,2,3,54.6
4.06,9,1928.53,0,1,10,25.6
14.08,1,210.52,2,2,9,58.1
7.69,4,1124.83,1,2,35,31.5
3.17,5,1458.71,1,3,9,26.9
8.73,3,336.55,2,2,16,49.3
4.01,8,1197.63,1,1,27,34.6
4.81,1,227.01,1,1,26,23.7
10.29,8,1598.16,2,3,24,52.8
13.83,5,523.31,0,1,16,52.0
7.33,6,794.28,1,2,19,25.0
11.42,5,1067.22,0,1,15,45.0
2.0,6,529.75,0,2,1,32.4
1.0,9,2517.33,0,2,26,21.2
8.57,7,1264.49,0,1,11,37.7
8.83,7,1146.76,1,3,21,40.7
2.44,3,270.6,1,3,11,21.3
5.7,2,254.1,1,2,1,28.5
8.41,9,2318.94,1,3,15,44.4
14.27,3,423.02,2,1,9,59.6
2.14,7,1801.85,2,3,27,20.1
2.86,1,148.87,0,3,25,16.3
9.19,3,284.29,1,2,19,41.6
2.62,9,2125.63,1,3,10,20.5
3.69,9,1645.41,2,2,21,34.5
7.7,8,2173.21,2,3,10,52.5
13.75,4,1021.13,2,3,32,72.2
13.66,3,558.23,1,1,15,49.1
14.33,3,615.02,1,3,25,55.2
12.49,7,1404.21,1,3,21,59.1
0.55,2,393.97,2,3,28,27.8
13.8,6,1457.13,1,2,23,49.6
10.09,5,852.24,0,3,24,53.1
1.73,3,547.22,0,1,15,23.0
0.75,7,1767.08,2,2,10,22.7
3.16,9,1756.12,0,2,1,25.9
3.68,9,2212.22,0,1,33,16.8
4.53,4,622.43,0,3,16,23.2
14.07,9,2507.21,0,2,3,56.1
11.06,1,226.32,0,2,30,41.5
3.24,3,299.91,0,3,26,27.3
2.86,8,1503.75,2,1,12,32.3
3.1,3,313.29,2,3,32,29.9
9.7,2,502.43,1,3,1,47.3
6.09,1,180.57,1,2,1,34.3
12.78,1,126.14,1,2,33,47.1
11.8,9,1374.6,0,1,33,49.3
14.4,8,696.46,0,1,17,61.0
8.25,5,616.84,2,2,25,38.2
7.18,2,573.49,0,2,7,29.7
8.29,3,615.77,1,1,6,42.1
0.72,2,591.82,0,2,22,26.3
7.17,9,2115.06,1,1,21,33.2
8.69,6,1094.12,2,2,29,59.7
9.75,1,107.8,1,1,26,41.2
11.25,1,250.86,1,2,7,53.7
6.88,4,822.28,2,2,25,47.4
2.95,5,1294.14,1,3,15,28.4
13.72,2,319.84,1,2,32,51.5
13.54,1,220.73,1,3,30,51.2
12.35,5,1330.72,1,1,13,53.6
9.72,6,1508.84,0,3,29,41.4
12.01,7,785.41,1,2,9,50.9
12.41,1,155.91,2,1,2,45.8
8.83,8,1726.46,1,3,17,45.9
9.59,7,761.45,2,2,10,47.8
3.93,9,2402.78,0,3,23,35.1
9.39,3,524.33,1,3,16,49.5
9.38,9,2398.14,2,3,17,55.9
9.21,8,1956.03,2,3,22,45.2
2.94,3,771.37,1,3,4,26.9
2.87,2,169.71,2,3,34,24.7
9.57,7,1856.08,1,3,10,53.2
8.58,9,2601.23,2,3,18,50.4
9.87,8,2342.06,0,1,27,52.7
3.87,6,1668.15,0,2,5,25.4
14.84,8,654.92,1,1,16,55.6
4.36,4,927.1,0,1,16,18.8
5.99,8,2272.78,1,3,20,35.8
1.89,9,813.57,0,1,14,17.1
13.79,7,1073.67,0,2,33,52.2
0.55,7,570.65,0,2,8,19.6
7.23,3,315.35,1,3,8,33.9
7.65,2,366.26,2,3,11,43.9
6.8,3,260.21,2,1,2,36.3
14.94,7,947.35,0,2,17,53.4
1.97,1,94.52,2,1,27,19.1
10.54,4,1182.02,0,2,33,49.2
3.46,8,2004.4,2,2,4,29.4
12.52,1,265.63,1,2,13,45.4
8.67,9,1522.41,0,3,19,47.2
3.57,8,1839.94,2,3,3,43.4
10.63,8,1194.69,2,3,16,48.4
6.11,8,1884.65,0,2,1,41.3
7.03,4,1194.9,0,2,20,40.5
4.74,9,804.36,2,2,33,38.8
13.66,2,282.11,2,1,14,57.5
3.41,4,426.5,0,3,10,27.0
5.41,4,831.06,2,1,19,32.7
5.34,7,892.82,0,2,23,31.5
12.71,2,162.82,1,3,8,55.2
13.27,7,920.05,0,1,7,50.6
3.06,7,1491.57,2,3,19,32.3
11.71,8,1613.86,1,1,17,58.7
1.27,5,991.24,1,3,11,19.1
10.32,8,1818.9,2,2,23,36.8
9.66,9,839.41,2,1,32,55.7
1.18,5,563.27,1,3,25,25.9
2.37,6,1293.74,2,3,21,27.0
5.85,6,921.19,0,1,35,29.1
5.64,7,1712.42,2,3,10,50.1
6.21,6,1448.58,1,1,10,26.0
5.89,3,253.02,1,2,12,28.3
9.5,9,1081.82,0,1,26,41.5
7.92,9,2089.75,1,1,13,35.1
1.19,7,1924.56,2,2,3,32.1
7.59,7,1455.88,2,3,26,50.8
13.01,7,1290.56,0,2,15,53.2
10.56,8,1610.71,1,3,8,52.3
9.66,8,648.34,1,1,30,37.8
5.78,8,1908.8,2,1,35,36.9
6.7,8,1516.82,2,3,32,44.3
6.69,6,1523.38,2,3,15,40.6
9.67,4,804.62,1,1,9,45.7
10.6,7,1432.71,1,1,20,46.5
12.69,1,224.44,1,1,33,45.4
2.36,6,1513.68,0,2,6,18.6
7.51,8,1012.62,2,3,23,49.3
9.43,2,546.17,1,2,27,31.2
7.6,7,1994.28,2,1,27,44.8
6.96,1,219.44,1,1,26,29.5
2.32,7,1542.3,0,2,22,15.0
6.52,4,650.3,2,2,24,35.6
6.66,6,599.79,1,2,32,38.3
2.57,5,621.69,0,3,10,18.6
5.39,5,1040.59,1,1,24,27.4
14.1,2,454.55,1,2,34,58.8
1.09,4,951.4,1,2,9,10.0
5.5,7,1990.52,1,3,13,38.6
14.22,6,740.38,0,2,9,63.2
9.69,4,684.18,0,2,4,45.6
3.2,5,928.08,1,2,28,25.7
5.76,8,2116.85,1,2,34,31.4
9.54,2,507.4,0,3,30,45.0
11.26,2,290.83,2,3,16,56.2
13.13,7,1469.67,0,3,9,59.8
13.44,3,512.07,1,2,26,52.9
14.91,4,1095.91,1,2,32,68.3
1.3,3,810.7,0,2,15,24.5
12.27,2,532.25,1,3,5,51.7
7.35,6,1317.46,1,2,6,43.2
0.62,9,1392.96,1,1,6,22.6
1.57,9,2460.84,1,1,32,14.6
12.1,6,1224.62,0,2,32,52.8
8.59,7,1195.39,0,2,10,41.1
10.36,5,1155.92,0,1,19,45.1
9.57,1,279.75,1,3,8,49.4
12.52,8,1582.66,1,3,5,59.4
11.44,4,1052.25,0,2,16,48.4
9.83,8,2359.41,0,2,19,45.8
2.24,3,242.39,0,3,3,28.8
7.87,2,165.29,0,1,13,36.2
10.06,8,865.12,2,1,30,56.1
3.0,7,1114.83,0,2,33,21.3
8.54,7,914.91,2,1,32,41.5
8.4,5,1024.53,0,1,35,39.5
0.73,9,729.05,1,3,16,23.0
7.38,7,1526.2,1,3,14,34.2
14.83,1,148.57,1,3,31,53.4
5.7,7,1712.76,1,2,22,39.4
5.96,7,619.67,2,1,18,33.4
10.75,5,404.6,1,1,12,44.9
9.35,1,146.91,1,3,23,51.0
5.12,4,778.51,1,1,13,27.2
8.74,6,677.35,2,2,31,38.3
0.85,2,331.18,0,3,30,22.6
8.46,2,523.74,2,3,32,44.4
3.36,9,1622.76,2,2,8,37.5
9.86,8,2200.78,1,3,7,46.8
10.77,7,1345.61,2,3,26,58.3
13.11,2,422.15,2,1,4,56.9
12.23,1,250.12,0,1,10,44.3
4.42,2,310.2,2,1,27,30.4
3.87,3,804.27,1,3,12,25.9
11.68,1,140.25,2,1,32,51.7
10.45,2,571.85,0,2,5,48.5
4.37,9,2558.54,2,2,13,42.2
8.54,2,426.74,1,1,26,40.2
1.67,5,720.72,1,3,18,25.1
9.72,3,530.21,2,3,9,51.3
12.51,6,1786.01,2,1,32,52.6
1.52,3,678.62,2,3,30,26.3
6.41,2,278.44,2,1,7,36.4
14.6,5,495.21,1,1,35,54.5
1.77,1,261.27,0,1,18,18.7
12.49,5,944.9,1,1,31,40.0
6.08,1,165.3,2,2,11,51.6
7.53,8,2233.6,2,3,3,49.6
3.7,1,136.9,2,3,17,34.1
2.26,8,1571.18,0,1,3,25.6
13.75,9,769.92,0,3,25,59.3
10.64,9,1831.87,1,1,3,44.8
14.82,9,2108.01,2,3,14,67.3
8.21,1,102.44,0,3,5,44.3
7.98,7,1408.96,0,1,12,46.8
0.76,2,317.17,2,3,1,19.0
13.42,5,713.8,0,2,28,56.3
8.56,8,1871.07,0,1,32,34.0
8.78,5,564.68,1,3,3,38.6
7.79,6,1615.58,0,2,30,33.1
11.69,7,1362.04,1,3,20,58.9
7.25,4,1093.94,0,2,7,35.9
0.86,4,911.56,0,2,7,14.9
9.52,7,1178.48,2,1,15,50.9
3.52,2,578.06,2,3,29,27.8
2.27,8,2231.03,1,1,3,14.3
12.18,1,146.81,1,1,26,47.0
11.64,5,507.95,0,2,35,52.4
0.94,3,456.24,1,3,16,16.4
6.99,3,348.07,2,2,7,41.5
4.63,9,865.07,0,2,26,36.9
14.61,7,785.29,1,1,3,57.9
13.77,3,765.38,0,2,6,56.2
5.07,7,619.9,0,1,24,35.8
8.25,8,1978.92,2,1,34,48.8
12.71,5,1123.18,1,3,20,52.7
14.96,8,2111.49,1,1,31,54.9
11.82,1,290.22,1,1,6,47.3
13.06,1,279.58,2,1,16,61.4
3.0,7,1581.47,1,3,16,32.4
0.95,8,868.36,1,2,11,22.9
10.02,2,346.44,0,2,5,49.6
3.05,9,1090.17,0,3,29,29.4
7.59,5,1254.88,1,2,12,37.8
13.05,3,293.57,1,2,19,48.5
11.53,7,637.54,2,3,17,60.7
2.74,5,1064.51,0,3,34,32.4
4.42,7,954.16,2,1,28,25.8
5.08,3,370.31,2,1,8,32.3
10.54,4,402.28,0,2,6,43.7
10.91,7,1977.72,0,2,25,46.8
4.4,7,1861.66,1,3,32,25.2
1.77,1,156.57,0,2,16,11.9
9.81,8,924.98,1,2,35,44.2
4.56,1,201.44,1,1,32,26.0
14.07,4,475.2,0,1,33,51.7
0.78,5,943.94,2,1,12,25.7
1.7,3,481.8,0,3,25,14.0
6.71,8,1227.62,2,1,11,35.5
6.11,8,2089.59,0,1,22,41.8
2.34,4,830.5,0,3,10,25.5
4.73,6,750.79,1,2,26,33.4
0.83,8,1078.53,2,1,34,24.8
10.19,7,1875.81,2,3,15,63.5
1.67,3,516.63,0,3,19,14.1
11.35,1,242.18,0,3,5,48.0
6.97,4,832.67,2,2,26,38.9
7.21,2,375.2,1,2,15,33.9
12.28,3,852.97,1,2,13,47.3
11.97,4,512.28,2,2,27,53.5
4.85,4,533.18,0,1,2,28.1
3.28,2,246.89,1,2,12,33.8
11.23,1,208.18,0,2,23,43.8
4.14,3,605.48,1,1,2,30.0
5.48,9,965.61,1,3,2,34.1
13.41,5,1144.12,2,2,22,55.6
7.38,6,1156.53,0,3,17,32.4
1.39,2,309.89,0,3,30,13.0
7.09,2,486.58,1,3,6,29.3
3.65,2,424.54,2,1,22,21.0
1.61,6,1607.86,2,1,35,18.1
4.12,7,1272.16,2,2,26,29.3
8.02,2,358.87,1,1,5,35.7
4.95,9,1372.74,1,1,7,32.3
13.86,7,709.98,1,1,6,53.3
5.64,8,2155.3,0,3,12,36.6
2.48,7,650.36,0,1,22,21.4
6.48,4,368.93,0,3,24,38.1
8.36,7,611.93,2,1,28,43.0
2.01,7,1112.54,2,2,25,30.4
10.95,3,765.25,0,3,5,53.5
4.39,7,1881.74,0,2,31,36.5
4.59,9,2523.43,1,2,21,38.7
9.78,5,548.09,0,1,21,38.3
14.11,7,1232.57,1,3,30,53.3
14.79,6,715.61,2,3,33,62.5
5.99,1,104.61,1,3,19,29.1
10.09,2,388.96,0,1,35,33.9
4.49,9,1073.69,1,3,6,26.2
4.95,1,82.37,0,1,17,24.4
6.17,3,573.9,2,1,6,37.3
6.9,3,786.33,2,2,22,37.8
3.36,3,301.3,2,2,11,31.3
11.38,4,349.54,1,3,2,48.3
1.86,7,1440.67,1,3,33,26.1
5.44,1,100.81,2,1,11,31.2
7.22,6,650.86,2,1,7,39.0
7.12,6,1223.05,1,3,14,43.1
6.02,2,312.39,2,2,26,33.1
13.42,3,800.39,0,1,25,54.2
5.31,4,772.91,0,3,26,34.5
8.43,5,937.98,2,2,14,52.2
10.79,8,1790.32,2,3,9,55.9
9.65,7,885.59,2,3,4,52.9
9.08,9,1856.3,0,1,2,48.7
14.8,7,1132.79,0,1,7,55.2
2.67,5,976.99,1,3,15,21.9
8.0,2,441.65,1,3,4,35.5
9.67,3,839.38,1,2,21,41.7
3.88,8,2074.33,2,3,29,43.3
4.94,8,2061.52,0,1,19,34.8
11.81,9,1732.32,0,1,24,56.1
3.79,9,1822.02,0,3,6,29.7
1.38,6,1142.63,0,2,16,17.8
8.72,9,2587.54,2,3,32,60.8
0.55,7,620.28,0,3,1,11.5
11.64,2,435.23,1,2,16,50.1
3.51,2,360.3,0,3,1,37.0
6.4,1,268.46,1,3,18,33.0
14.37,4,727.22,1,2,18,53.4
1.23,4,739.85,1,2,8,20.7
3.72,4,529.94,0,2,25,19.0
0.75,7,629.78,1,3,22,16.3
12.18,7,1696.57,1,2,29,59.3
1.74,6,526.27,0,3,24,21.5
12.15,9,2310.43,2,1,18,53.5
5.47,3,861.27,2,2,25,37.0
8.59,4,719.94,1,3,13,46.1
7.66,6,1498.23,1,2,7,33.0
14.98,1,194.89,2,1,35,62.6
12.86,3,490.37,0,1,26,45.8
9.68,5,1155.39,1,2,33,48.1
5.69,1,119.29,1,3,35,36.8
5.55,8,1765.96,2,1,8,27.6
9.91,8,2158.61,0,2,13,50.9
2.41,8,1848.78,2,2,24,19.8
6.87,2,392.35,0,1,21,36.4
9.5,7,1873.95,2,2,34,58.0
4.43,1,276.98,2,1,32,23.2
3.28,4,323.88,0,2,19,30.8
1.37,2,326.94,0,1,11,21.0
8.01,7,1076.94,2,1,13,50.5
9.13,6,1529.23,1,2,14,37.5
4.2,4,855.8,1,2,2,28.6
9.14,4,1066.59,2,1,23,45.8
6.97,6,1143.73,0,3,18,37.6
11.44,5,517.28,2,1,26,58.0
6.59,2,489.03,2,1,4,39.8
13.62,4,563.16,0,3,31,57.1
8.46,1,147.56,0,2,13,47.5
13.18,1,83.4,2,3,16,52.4
0.79,2,456.78,0,2,27,10.0
2.06,7,1094.91,2,3,27,23.3
14.76,1,217.16,2,2,3,70.6
13.1,9,760.89,0,3,3,64.0
5.14,6,1084.35,0,1,9,32.1
5.16,4,332.52,1,3,26,32.0
7.64,7,1476.45,0,1,8,46.2
7.72,2,321.62,1,1,8,39.8
8.13,3,881.18,1,3,33,34.7
1.29,3,814.26,2,3,16,20.6
3.56,3,826.01,0,1,15,12.3
14.02,6,703.37,1,1,1,56.4
1.9,4,1128.22,2,1,25,22.2
13.08,6,1515.08,1,3,6,56.8
8.71,6,1437.51,2,2,16,49.6
2.28,9,1618.21,0,1,31,20.2
3.22,8,1002.3,2,1,9,30.3
8.13,3,769.24,0,3,23,43.0
13.14,4,990.21,0,3,2,61.2
9.11,2,195.56,0,2,8,38.9
2.68,2,172.4,0,2,7,27.1
14.28,7,1074.09,0,1,2,57.0
0.93,8,2330.78,2,1,18,25.3
12.24,1,240.81,1,1,11,56.4
5.51,8,1099.48,1,1,28,29.0
4.06,2,426.8,2,2,24,26.2
1.58,4,726.19,0,1,23,23.1
10.68,3,494.78,0,3,18,40.2
1.66,7,1036.67,2,1,18,26.7
11.34,4,728.26,2,1,11,50.6
8.09,3,596.91,0,2,5,34.8
12.32,8,1997.35,0,3,6,55.0
10.42,8,1647.83,2,2,25,56.0
7.03,9,2103.54,2,1,8,51.6
1.61,1,172.69,1,2,32,20.7
14.65,9,1317.12,0,1,34,60.9
0.89,3,489.12,2,1,17,30.1
4.62,1,149.46,2,1,22,30.1
10.15,5,1351.61,1,3,7,41.3
12.17,8,1970.95,1,3,1,54.7
14.9,2,227.1,2,3,3,74.5
0.67,9,858.15,2,3,24,27.4
13.37,7,983.28,0,2,32,65.4
7.23,5,1362.89,1,2,10,31.6
2.79,9,1636.47,2,3,29,33.7
14.2,8,1933.06,1,2,23,59.4
6.16,1,265.78,1,3,30,32.7
8.26,6,1155.06,1,2,21,41.7
5.2,4,1013.82,2,2,5,39.5
2.83,7,1227.03,2,3,12,36.4
14.48,8,1246.66,1,1,25,61.0
6.09,1,232.38,0,1,8,31.2
4.09,7,1772.93,1,3,18,30.3
6.64,2,336.11,0,3,34,33.2
9.13,6,1686.56,0,3,26,40.3
12.85,9,2382.01,0,3,21,60.5
6.09,6,506.21,1,3,21,33.3
13.11,8,2253.63,0,1,21,56.4
3.68,6,1560.89,1,1,15,28.8
4.4,4,880.77,1,3,5,30.1
8.26,9,797.4,0,1,11,33.9
2.54,1,283.26,2,1,4,33.0
1.35,9,2575.0,1,2,10,21.6
7.37,2,229.27,2,2,24,48.1
9.67,4,946.53,2,1,2,50.0
2.43,5,1480.63,0,2,25,23.3
13.44,4,678.02,1,2,11,56.3
1.18,7,1719.33,2,2,14,26.1
9.58,9,2661.77,0,2,19,45.9
14.44,5,1218.18,1,1,34,50.8
2.39,3,490.56,0,2,31,13.7
5.69,6,522.14,1,3,24,31.3
7.75,4,1075.78,0,1,32,43.0
7.21,5,1496.15,2,1,21,42.7
2.24,7,1311.23,1,1,6,23.7
2.72,4,503.79,0,3,15,27.1
4.02,7,1354.83,0,1,17,20.3
7.85,2,365.73,1,1,10,31.3
0.76,9,2353.52,0,1,15,21.3
5.87,8,1248.09,1,1,31,33.3
1.0,5,1192.38,1,1,23,10.0
13.8,4,932.38,0,3,7,52.1
1.5,8,749.41,2,1,4,30.1
2.36,1,135.78,0,1,6,20.4
14.71,3,448.42,0,3,4,63.6
3.22,6,1710.71,0,2,23,18.2
6.4,2,325.47,2,1,29,31.2
9.59,5,502.77,2,2,6,48.4
1.17,8,1255.44,1,1,18,20.1
3.5,6,702.07,2,1,15,33.8
10.01,8,1673.73,0,1,19,44.1
11.7,7,802.15,2,2,34,49.9
7.92,6,1480.3,1,1,9,40.1
2.26,4,1017.92,1,3,35,17.2
9.93,1,94.33,2,3,6,60.2
9.16,8,2328.35,0,1,34,33.8
6.25,9,2307.18,0,1,16,31.9
2.61,7,1210.05,2,2,26,36.8
10.47,7,2043.9,1,3,4,49.1
10.47,8,847.6,1,3,34,60.3
2.28,1,173.29,2,1,31,20.8
12.71,2,248.8,2,1,28,55.2
1.93,8,1340.4,1,2,11,25.5
14.47,9,915.48,2,1,1,63.2
11.61,5,1174.21,0,1,20,44.3
1.65,5,1176.94,0,3,33,19.5
5.35,1,277.05,1,1,33,29.1
13.95,6,1131.58,2,1,7,57.4
12.08,3,261.44,2,1,14,47.3
8.24,3,621.01,1,2,4,32.0
1.57,1,294.96,1,2,18,17.1
10.28,7,634.09,1,2,21,57.2
4.05,9,2437.47,1,2,28,30.5
5.33,7,972.77,1,2,9,29.6
2.67,9,826.18,0,3,5,27.3
9.73,6,652.05,1,1,23,46.6
11.42,3,718.46,1,3,33,42.1
12.66,2,483.44,0,3,10,53.5
14.65,9,2218.85,0,3,30,59.0
5.95,6,1023.31,1,1,15,26.1
13.25,1,183.99,0,2,15,51.1
2.19,4,333.82,2,1,35,16.2
4.1,5,595.5,1,1,22,36.6
10.76,7,712.91,2,1,27,50.0
0.61,7,1056.5,0,1,15,21.6
14.62,3,611.94,0,2,17,61.9
12.88,8,1656.57,2,3,8,61.8
9.02,3,814.56,0,1,3,37.2
7.92,5,492.46,0,1,30,37.6
3.63,7,753.07,2,1,29,29.1
9.46,4,822.88,1,2,16,43.4
13.35,7,1096.57,1,3,26,62.3
13.51,7,1666.26,1,3,12,53.8
12.21,9,1881.58,1,3,34,48.3
4.81,7,1273.55,0,3,2,34.6
3.5,6,1422.48,0,1,29,24.4
2.04,3,839.79,0,2,20,15.1
3.53,7,1183.09,1,1,16,23.3
3.71,1,279.04,2,1,33,20.8
13.35,5,448.29,2,2,33,48.8
11.9,1,278.34,2,1,1,55.3
13.9,9,1428.94,0,2,6,68.0
10.65,1,288.9,2,2,10,50.3
1.72,5,1425.41,2,1,1,28.8
4.05,2,422.81,0,2,7,26.4
7.8,9,1582.72,0,3,26,44.7
13.69,6,1111.79,0,2,15,55.9
13.68,4,554.26,2,3,11,63.6
5.81,7,1804.53,1,3,10,38.7
7.96,8,1234.1,0,1,10,42.4
11.06,6,1256.29,2,2,12,54.8
1.25,7,1299.33,2,2,14,26.2
12.29,6,1078.32,1,3,1,53.9
9.62,2,520.13,1,1,29,33.0
12.39,4,855.53,1,1,8,49.9
3.52,5,534.39,2,3,34,37.3
14.17,8,1462.89,0,2,14,53.8
10.85,8,1030.35,0,2,25,43.0
1.74,5,976.62,1,3,31,25.2
5.82,1,298.08,2,3,17,38.6
9.84,2,338.6,1,3,22,45.3
12.03,4,755.69,2,3,24,57.6
11.86,7,778.95,2,3,13,62.1
11.51,1,158.76,1,2,30,39.3
5.23,8,2129.63,0,3,4,38.8
5.86,3,793.88,0,1,28,39.0
9.11,5,1381.38,0,1,29,46.1
10.83,4,549.2,2,3,23,54.0
9.67,9,1590.89,1,3,1,45.9
7.11,4,361.42,2,3,9,49.5
11.69,9,2247.36,2,1,11,63.7
12.94,8,930.08,2,3,14,65.5
14.29,9,1586.0,1,1,22,48.7
9.35,6,1012.81,1,1,11,40.5
8.39,8,1634.13,1,3,18,43.6
2.29,8,2203.35,0,2,29,25.0
6.6,4,348.66,0,3,7,44.4
5.03,7,2012.59,1,1,12,23.5
3.79,9,1825.12,1,2,20,25.3
8.16,2,566.46,2,3,23,50.1
7.31,9,895.77,0,1,30,41.1
4.84,3,272.23,2,2,6,35.2
5.98,1,219.56,0,1,33,27.5
12.58,6,1030.77,0,2,8,52.2
2.0,5,1271.97,0,1,28,19.9
13.89,5,705.12,1,1,1,57.6
4.85,3,481.93,0,2,14,37.9
3.89,3,366.03,1,1,6,25.1
9.66,4,400.01,0,3,17,44.3
11.96,1,132.6,1,3,25,46.0
9.86,7,1983.17,0,1,32,43.0
5.54,2,594.09,2,2,14,41.2
11.2,9,755.42,1,1,31,51.1
5.31,5,875.54,0,2,9,26.1
12.8,2,381.33,1,3,25,47.9
1.88,8,1977.56,0,2,29,17.6
7.55,2,284.5,2,1,33,42.0
9.26,1,268.21,2,2,9,46.1
1.46,1,200.79,1,2,16,10.0
2.28,3,298.1,0,1,21,17.6
5.62,8,799.23,1,1,26,35.1
